"Gain in life expectancy at birth over rolling temporally distinct periods for the local areas in the UK, between 2001 to 2003 and 2014 to 2016.",,,,,,,,,,,,,,,,,,,,,,,,,
,,,,,,,,,,,,,Months,,,,,,,,,,,,
Area Codes,Area Names,Sex,2001-2006,2002-2007,2003-2008,2004-2009,2005-2010,2006-2011,2007-2012,2008-2013,2009-2014,2010-2015,2011-2016,,,,,,,,,,,,
E06000001,Hartlepool,Males,12.8,19.8,12.6,10.9,11.1,15.3,22.3,20.0,13.0,-5.1,-14.3,,,,,,,,,,,,
E06000002,Middlesbrough,Males,8.0,10.0,14.1,11.4,10.8,7.8,11.4,11.5,4.8,-1.8,-10.4,,,,,,,,,,,,
E06000003,Redcar and Cleveland,Males,8.6,19.3,21.8,17.9,16.1,15.6,13.4,7.3,2.2,-4.9,-7.9,,,,,,,,,,,,
E06000004,Stockton-on-Tees,Males,5.6,9.3,6.3,10.6,12.2,22.1,18.7,13.3,4.2,-0.9,-3.4,,,,,,,,,,,,
E06000005,Darlington,Males,5.7,18.7,14.0,17.5,10.1,17.3,21.6,12.6,2.9,-7.6,-1.0,,,,,,,,,,,,
E06000006,Halton,Males,5.7,5.7,5.4,11.3,14.7,17.8,20.5,16.9,9.3,5.2,2.7,,  ,,,,,,,,,,
E06000007,Warrington,Males,5.4,5.9,9.3,15.5,18.4,15.7,8.0,5.5,6.6,5.2,8.0,,,,,,,,,,,,
E06000008,Blackburn with Darwen,Males,4.1,4.4,2.0,5.2,11.2,12.7,19.3,17.0,12.3,0.6,-6.8,,,,,,,,,,,,
E06000009,Blackpool,Males,16.0,3.9,4.8,4.5,6.4,1.6,2.5,6.8,10.9,4.0,-0.6,,,,,,,,,,,,
E06000010,"Kingston upon Hull, City of",Males,10.3,4.6,5.7,4.2,9.8,13.1,19.5,12.9,8.8,-0.3,-2.6,,,,,,,,,,,,
E06000011,East Riding of Yorkshire,Males,9.1,12.6,12.1,12.4,5.9,8.5,6.0,12.2,10.6,9.1,2.2,,,,,,,,,,,,
E06000012,North East Lincolnshire,Males,14.8,10.5,5.9,0.6,6.4,20.9,23.2,16.7,3.4,1.0,-1.2,,,,,,,,,,,,
E06000013,North Lincolnshire,Males,15.6,14.2,12.3,8.5,8.6,14.2,8.9,2.6,-2.4,5.5,11.1,,,,,,,,,,,,
E06000014,York,Males,11.4,12.4,20.6,16.3,12.6,3.0,3.8,-0.2,9.9,9.0,12.6,,,,,,,,,,,,
E06000015,Derby ,Males,8.9,8.2,5.5,5.0,8.2,14.9,17.5,12.4,1.2,-5.4,-2.6,,,,,,,,,,,,
E06000016,Leicester,Males,14.9,12.0,11.7,1.6,1.5,5.3,15.9,17.8,13.8,2.2,0.7,,,,,,,,,,,,
E06000017,Rutland ,Males,14.5,4.6,2.8,-4.9,9.5,23.0,9.4,3.5,-2.8,11.8,13.0,,,,,,,,,,,,
E06000018,Nottingham,Males,17.6,16.5,19.6,11.1,14.1,11.6,18.2,13.3,11.1,-0.8,-0.2,,,,,,,,,,,,
E06000019,"Herefordshire, County of",Males,6.7,7.3,10.3,14.0,12.9,11.9,9.0,11.5,14.2,9.8,0.9,,,,,,,,,,,,
E06000020,Telford and Wrekin,Males,12.9,5.9,9.2,3.6,5.5,2.2,7.7,10.5,14.7,6.9,6.0,,,,,,,,,,,,
E06000021,Stoke-on-Trent,Males,14.0,20.9,19.9,11.0,14.2,12.7,14.0,4.4,1.1,-1.7,-0.5,,,,,,,,,,,,
E06000022,Bath and North East Somerset,Males,15.7,14.1,12.2,5.8,3.7,2.3,8.7,11.1,15.2,6.4,-0.1,,,,,,,,,,,,
E06000023,"Bristol, City of",Males,19.1,12.5,5.1,1.9,5.3,14.1,14.5,10.3,4.4,2.3,7.0,,,,,,,,,,,,
E06000024,North Somerset,Males,17.2,15.0,7.6,2.7,-0.4,5.3,6.8,13.5,11.3,10.5,-1.6,,,,,,,,,,,,
E06000025,South Gloucestershire,Males,7.8,3.9,6.5,11.1,12.1,9.4,7.8,8.9,11.1,4.5,3.5,,,,,,,,,,,,
E06000026,Plymouth,Males,9.1,10.7,14.2,9.7,11.0,8.3,11.3,5.5,6.1,4.6,9.9,,,,,,,,,,,,
E06000027,Torbay,Males,4.8,8.9,16.9,10.0,8.5,6.0,17.1,15.1,9.5,-1.8,-4.0,,,,,,,,,,,,
E06000028,Bournemouth,Males,22.2,17.4,12.0,5.0,3.8,3.6,1.8,4.7,3.5,7.1,3.8,,,,,,,,,,,,
E06000029,Poole,Males,1.3,12.0,11.2,13.4,5.6,11.0,8.3,9.1,7.0,7.7,7.9,,,,,,,,,,,,
E06000030,Swindon,Males,12.8,5.8,4.2,9.7,10.6,15.2,10.3,8.6,4.8,5.5,8.6,,,,,,,,,,,,
E06000031,Peterborough,Males,17.5,7.4,8.5,5.6,14.0,7.4,7.7,4.4,10.5,9.3,7.0,,,,,,,,,,,,
E06000032,Luton,Males,8.8,10.3,9.6,11.0,9.5,16.8,12.4,13.9,5.3,11.3,2.9,,,,,,,,,,,,
E06000033,Southend-on-Sea,Males,21.1,10.5,11.4,4.3,11.3,10.6,22.6,18.1,10.6,-13.1,-13.4,,,,,,,,,,,,
E06000034,Thurrock,Males,23.2,18.2,10.4,4.1,4.9,11.0,13.3,10.3,7.1,-1.0,0.6,,,,,,,,,,,,
E06000035,Medway,Males,11.2,8.2,4.9,12.0,14.3,17.1,13.7,12.2,5.8,-0.6,-3.1,,,,,,,,,,,,
E06000036,Bracknell Forest,Males,15.1,9.4,14.7,10.4,9.3,9.3,15.3,19.1,13.2,8.4,7.8,,,,,,,,,,,,
E06000037,West Berkshire,Males,12.8,10.7,13.8,13.2,13.1,11.5,8.3,3.2,4.5,4.4,6.3,,,,,,,,,,,,
E06000038,Reading,Males,13.9,18.6,14.4,4.6,3.5,8.5,12.0,3.7,2.3,5.0,11.0,,,,,,,,,,,,
E06000039,Slough,Males,21.2,14.8,-2.8,2.7,7.9,15.1,13.6,4.7,6.1,0.1,-1.6,,,,,,,,,,,,
E06000040,Windsor and Maidenhead,Males,14.5,14.8,12.6,11.0,9.2,13.2,15.6,7.5,2.7,3.4,11.7,,,,,,,,,,,,
E06000041,Wokingham,Males,15.8,13.6,11.7,10.8,5.2,6.6,3.6,6.6,4.6,1.9,-0.5,,,,,,,,,,,,
E06000042,Milton Keynes,Males,10.1,19.4,15.4,5.1,-0.7,5.6,11.7,15.5,9.3,5.6,1.0,,,,,,,,,,,,
E06000043,Brighton and Hove,Males,13.3,9.2,6.5,11.6,16.0,22.5,17.6,12.0,6.1,8.5,9.9,,,,,,,,,,,,
E06000044,Portsmouth,Males,12.2,13.1,4.8,10.6,11.2,13.4,11.6,8.5,6.4,-4.4,-3.0,,,,,,,,,,,,
E06000045,Southampton,Males,7.6,7.9,10.9,17.9,16.6,16.7,5.4,-0.1,-5.5,-1.8,5.1,,,,,,,,,,,,
E06000046,Isle of Wight,Males,14.8,16.3,7.9,5.7,1.2,9.4,13.7,18.9,5.2,-3.2,-9.4,,,,,,,,,,,,
E06000047,County Durham,Males,12.1,14.8,13.7,11.0,5.8,8.4,12.1,11.8,7.1,2.8,1.2,,,,,,,,,,,,
E06000049,Cheshire East,Males,13.6,12.4,11.2,11.6,13.4,16.2,16.1,10.5,3.4,-0.7,-0.2,,,,,,,,,,,,
E06000050,Cheshire West and Chester,Males,8.5,14.5,10.7,16.5,14.7,14.7,5.4,2.4,2.5,7.3,6.8,,,,,,,,,,,,
E06000051,Shropshire,Males,12.9,15.0,12.3,10.0,6.2,10.5,11.0,12.8,7.5,6.3,6.5,,,,,,,,,,,,
E06000052,Cornwall,Males,8.5,8.1,8.7,4.1,9.3,9.4,12.0,5.4,3.2,2.6,3.6,,,,,,,,,,,,
E06000054,Wiltshire,Males,11.8,10.2,5.2,5.6,3.9,8.9,9.6,11.8,8.6,6.3,5.6,,,,,,,,,,,,
E06000055,Bedford,Males,7.2,14.7,6.8,9.1,2.8,4.7,10.3,16.0,17.1,8.7,5.7,,,,,,,,,,,,
E06000056,Central Bedfordshire,Males,10.3,10.4,17.0,14.0,11.7,11.3,13.9,17.2,16.8,17.2,8.2,,,,,,,,,,,,
E06000057,Northumberland,Males,15.3,18.5,15.1,13.9,11.8,9.2,4.3,6.8,8.1,6.2,0.8,,,,,,,,,,,,
E07000004,Aylesbury Vale,Males,5.0,12.0,25.1,19.3,8.1,-3.1,-0.8,3.5,10.9,10.9,14.6,,,,,,,,,,,,
E07000005,Chiltern,Males,18.1,5.6,1.1,12.5,14.3,12.9,14.3,13.4,6.1,4.4,10.4,,,,,,,,,,,,
E07000006,South Bucks,Males,10.1,13.7,19.2,21.5,9.8,2.1,-0.8,4.6,2.3,2.7,0.4,,,,,,,,,,,,
E07000007,Wycombe,Males,15.1,8.3,16.5,9.8,10.4,7.4,13.5,14.7,15.5,10.8,7.7,,,,,,,,,,,,
E07000008,Cambridge,Males,9.5,6.5,3.7,8.6,13.4,23.9,14.5,10.8,-1.9,6.1,8.0,,,,,,,,,,,,
E07000009,East Cambridgeshire,Males,24.1,25.0,22.0,12.9,12.3,9.0,13.3,11.6,14.5,2.9,-1.4,,,,,,,,,,,,
E07000010,Fenland,Males,28.5,15.4,10.1,-2.0,0.7,10.1,20.4,22.6,14.3,-3.5,-10.5,,,,,,,,,,,,
E07000011,Huntingdonshire,Males,12.0,9.4,6.1,13.0,20.0,18.7,14.2,6.3,6.3,2.8,6.3,,,,,,,,,,,,
E07000012,South Cambridgeshire,Males,-0.9,16.4,21.6,24.1,7.9,9.2,15.2,19.4,7.1,-6.4,-5.2,,,,,,,,,,,,
E07000026,Allerdale,Males,4.9,5.6,14.8,15.2,10.0,6.6,2.7,12.3,8.2,9.6,-2.4,,,,,,,,,,,,
E07000027,Barrow-in-Furness,Males,14.0,21.8,15.3,19.0,18.6,13.8,2.6,-6.1,-2.7,-1.2,0.6,,,,,,,,,,,,
E07000028,Carlisle,Males,7.6,13.0,15.1,10.6,6.4,11.2,14.6,17.6,9.4,8.1,0.1,,,,,,,,,,,,
E07000029,Copeland,Males,14.9,8.8,13.2,12.8,14.0,9.2,-0.1,-1.7,2.0,9.9,6.2,,,,,,,,,,,,
E07000030,Eden,Males,-2.0,-4.1,10.6,14.5,21.9,14.2,9.4,6.7,7.3,7.2,5.0,,,,,,,,,,,,
E07000031,South Lakeland,Males,9.6,13.8,8.0,6.7,2.4,10.1,17.8,14.8,4.7,-0.6,9.7,,,,,,,,,,,,
E07000032,Amber Valley,Males,13.5,13.2,10.1,5.1,4.6,7.2,12.3,9.4,11.8,0.7,4.9,,,,,,,,,,,,
E07000033,Bolsover,Males,12.5,22.1,12.3,7.7,7.9,16.3,15.7,11.9,0.9,-5.4,-6.1,,,,,,,,,,,,
E07000034,Chesterfield,Males,22.7,15.6,17.2,4.9,1.5,-1.8,6.1,13.9,15.8,4.7,-3.8,,,,,,,,,,,,
E07000035,Derbyshire Dales,Males,20.6,16.7,13.3,11.6,19.2,18.5,12.0,2.6,6.4,1.5,-5.1,,,,,,,,,,,,
E07000036,Erewash,Males,17.7,7.7,3.0,13.7,20.3,30.2,15.4,11.2,-1.7,-2.3,-1.7,,,,,,,,,,,,
E07000037,High Peak,Males,15.6,8.4,6.4,2.2,11.3,16.4,21.8,10.5,-0.3,-6.2,-5.6,,,,,,,,,,,,
E07000038,North East Derbyshire,Males,6.3,13.4,10.2,13.9,17.8,14.4,11.5,5.3,10.4,4.8,-0.3,,,,,,,,,,,,
E07000039,South Derbyshire,Males,17.6,11.5,6.1,0.7,9.7,16.3,17.5,12.0,1.9,-2.6,-8.8,,,,,,,,,,,,
E07000040,East Devon,Males,8.9,0.6,9.0,11.4,18.1,7.4,12.0,1.7,1.3,-1.4,6.1,,,,,,,,,,,,
E07000041,Exeter,Males,4.0,13.1,19.5,15.3,11.8,8.2,15.0,10.0,1.7,-10.1,-12.7,,,,,,,,,,,,
E07000042,Mid Devon,Males,11.4,14.0,23.5,12.1,9.7,-0.9,0.2,3.7,19.2,11.8,0.4,,,,,,,,,,,,
E07000043,North Devon,Males,12.7,14.0,0.4,0.8,5.6,21.1,19.9,12.3,3.7,0.6,-0.2,,,,,,,,,,,,
E07000044,South Hams,Males,2.9,6.6,2.9,11.2,15.7,22.3,15.8,8.3,-0.3,-3.8,8.6,,,,,,,,,,,,
E07000045,Teignbridge,Males,14.6,10.5,4.9,2.4,5.4,7.3,4.0,0.3,-1.5,3.2,2.8,,,,,,,,,,,,
E07000046,Torridge,Males,20.2,16.2,12.6,13.9,22.6,14.8,6.4,3.9,-2.7,-7.1,-15.0,,,,,,,,,,,,
E07000047,West Devon,Males,11.0,11.0,2.1,-1.2,6.1,13.2,9.0,-4.9,-7.3,3.3,14.7,,,,,,,,,,,,
E07000048,Christchurch,Males,25.5,16.5,4.0,4.7,12.4,15.3,13.9,14.5,13.0,-2.6,-9.2,,,,,,,,,,,,
E07000049,East Dorset,Males,16.2,5.9,4.1,-1.3,7.0,18.8,16.7,8.9,-1.7,2.3,5.4,,,,,,,,,,,,
E07000050,North Dorset,Males,2.0,8.1,16.0,24.9,22.2,11.6,-0.2,-5.3,0.6,6.9,9.4,,,,,,,,,,,,
E07000051,Purbeck,Males,-3.4,0.7,16.0,12.9,17.3,1.6,1.0,2.1,15.3,12.6,5.9,,,,,,,,,,,,
E07000052,West Dorset,Males,21.8,10.5,15.6,0.3,6.4,6.4,16.7,14.9,11.9,5.3,-4.5,,,,,,,,,,,,
E07000053,Weymouth and Portland,Males,21.0,22.7,7.0,6.4,-8.1,6.9,2.3,12.5,-0.6,1.4,-1.3,,,,,,,,,,,,
E07000061,Eastbourne,Males,17.9,14.8,19.6,16.5,4.6,-1.3,0.9,18.9,18.8,17.7,2.8,,,,,,,,,,,,
E07000062,Hastings,Males,3.5,6.9,5.4,12.3,14.5,4.5,10.4,2.4,15.2,-1.9,-6.1,,,,,,,,,,,,
E07000063,Lewes,Males,3.7,17.6,23.0,20.2,9.4,4.1,4.1,-0.3,5.3,2.0,12.2,,,,,,,,,,,,
E07000064,Rother,Males,5.3,16.1,18.1,15.3,7.4,4.7,6.1,2.6,1.3,-4.1,6.5,,,,,,,,,,,,
E07000065,Wealden,Males,12.7,18.1,12.6,13.2,-1.5,1.8,1.8,10.9,10.5,8.4,6.5,,,,,,,,,,,,
E07000066,Basildon,Males,10.3,11.8,7.9,17.6,13.4,15.6,6.7,11.6,2.8,2.1,-0.3,,,,,,,,,,,,
E07000067,Braintree,Males,18.7,17.1,15.1,11.4,10.7,11.7,0.3,6.7,1.4,10.9,5.0,,,,,,,,,,,,
E07000068,Brentwood,Males,4.8,10.5,0.0,11.7,8.3,25.1,7.4,6.4,-5.3,0.4,-5.4,,,,,,,,,,,,
E07000069,Castle Point,Males,12.8,20.0,10.7,5.0,0.8,5.0,4.6,3.6,-1.4,-2.7,-0.5,,,,,,,,,,,,
E07000070,Chelmsford,Males,16.5,11.5,10.4,6.6,8.8,7.7,6.1,7.8,9.0,9.5,2.6,,,,,,,,,,,,
E07000071,Colchester,Males,3.8,4.4,6.0,12.9,13.5,15.3,6.9,4.4,2.3,4.9,1.8,,,,,,,,,,,,
E07000072,Epping Forest,Males,3.0,5.3,11.9,18.2,14.6,13.7,8.4,12.7,2.4,2.9,-4.4,,,,,,,,,,,,
E07000073,Harlow,Males,7.8,13.0,13.8,8.9,6.6,1.7,4.0,5.4,8.7,6.6,0.3,,,,,,,,,,,,
E07000074,Maldon,Males,-7.1,11.7,15.4,18.3,12.5,15.9,18.9,17.0,17.5,4.7,-8.3,,,,,,,,,,,,
E07000075,Rochford,Males,9.6,9.2,10.7,12.6,7.6,13.2,9.3,10.0,5.1,-1.1,2.8,,,,,,,,,,,,
E07000076,Tendring,Males,8.4,11.6,15.4,19.6,12.9,5.0,-5.1,-3.7,7.2,5.5,2.7,,,,,,,,,,,,
E07000077,Uttlesford,Males,2.9,-3.7,-4.0,12.8,16.6,16.8,12.0,13.3,14.5,3.9,-5.9,,,,,,,,,,,,
E07000078,Cheltenham,Males,12.6,4.5,6.4,13.8,14.9,14.9,8.8,4.1,1.7,2.2,-0.4,,,,,,,,,,,,
E07000079,Cotswold,Males,15.2,20.5,15.2,1.6,-0.5,5.1,12.8,6.4,1.7,0.5,4.6,,,,,,,,,,,,
E07000080,Forest of Dean,Males,8.0,8.3,12.3,17.5,22.9,18.2,12.7,1.9,5.1,7.1,14.2,,,,,,,,,,,,
E07000081,Gloucester,Males,17.3,24.0,16.8,3.7,-0.6,-0.8,4.9,6.9,16.4,9.0,-4.0,,,,,,,,,,,,
E07000082,Stroud,Males,7.5,0.2,2.4,4.4,16.5,15.2,17.4,4.2,-2.0,-4.6,-0.7,,,,,,,,,,,,
E07000083,Tewkesbury,Males,0.3,12.6,7.2,9.8,2.3,6.9,7.5,8.7,9.3,7.2,8.1,,,,,,,,,,,,
E07000084,Basingstoke and Deane,Males,19.9,22.7,14.2,9.7,8.4,8.2,9.0,13.8,8.0,-1.2,-9.2,,,,,,,,,,,,
E07000085,East Hampshire,Males,6.6,9.0,4.7,14.0,14.0,17.8,11.1,7.7,1.8,6.8,6.3,,,,,,,,,,,,
E07000086,Eastleigh,Males,20.1,19.9,8.0,5.0,9.7,23.1,18.4,15.3,4.4,5.8,5.0,,,,,,,,,,,,
E07000087,Fareham,Males,14.7,19.9,20.3,12.4,-1.8,-6.1,-0.8,2.3,2.3,1.7,5.6,,,,,,,,,,,,
E07000088,Gosport,Males,14.2,4.5,21.6,16.4,20.2,2.1,3.8,-7.6,-4.0,-3.9,11.7,,,,,,,,,,,,
E07000089,Hart,Males,8.6,10.2,13.6,5.8,7.4,12.3,17.3,14.0,0.2,-0.3,-1.8,,,,,,,,,,,,
E07000090,Havant,Males,24.6,15.6,9.3,4.7,6.7,4.9,4.2,4.0,6.8,7.5,8.2,,,,,,,,,,,,
E07000091,New Forest,Males,7.6,12.4,13.1,9.3,9.1,14.2,12.9,9.5,5.7,2.3,4.7,,,,,,,,,,,,
E07000092,Rushmoor,Males,20.0,21.9,17.5,7.3,-6.6,-5.8,1.9,8.8,5.7,6.3,13.1,,,,,,,,,,,,
E07000093,Test Valley,Males,17.2,8.1,14.0,6.2,16.8,10.4,11.0,3.0,6.8,6.1,3.5,,,,,,,,,,,,
E07000094,Winchester,Males,16.3,6.6,2.9,4.1,13.0,21.4,18.3,14.7,2.8,-3.7,-1.4,,,,,,,,,,,,
E07000095,Broxbourne,Males,23.5,22.8,13.8,7.3,11.2,14.1,9.9,0.0,2.4,3.4,11.1,,,,,,,,,,,,
E07000096,Dacorum,Males,2.6,4.8,5.5,18.1,16.4,10.5,-2.0,-3.5,3.5,11.8,15.0,,,,,,,,,,,,
E07000098,Hertsmere,Males,1.5,17.9,14.8,12.0,5.4,15.4,20.6,17.3,6.8,1.3,7.5,,,,,,,,,,,,
E07000099,North Hertfordshire,Males,10.8,9.2,7.4,13.0,8.5,16.0,6.8,13.1,6.6,10.5,8.6,,,,,,,,,,,,
E07000102,Three Rivers,Males,20.5,24.3,11.3,5.3,-5.8,-1.5,0.7,12.0,12.1,14.7,10.6,,,,,,,,,,,,
E07000103,Watford,Males,11.7,8.6,5.3,8.1,16.9,19.6,12.9,-0.1,-3.1,-0.8,5.3,,,,,,,,,,,,
E07000105,Ashford,Males,14.6,9.0,15.5,10.3,12.9,5.5,11.9,8.2,2.3,-8.7,-6.6,,,,,,,,,,,,
E07000106,Canterbury,Males,9.9,21.7,19.1,8.8,5.5,8.1,18.8,16.3,9.8,1.3,-7.0,,,,,,,,,,,,
E07000107,Dartford,Males,9.9,12.3,18.3,15.1,9.8,2.1,2.2,2.6,2.3,-5.0,-3.6,,,,,,,,,,,,
E07000108,Dover,Males,16.4,9.1,18.2,-1.0,12.6,4.3,20.5,7.4,11.3,2.4,5.1,,,,,,,,,,,,
E07000109,Gravesham,Males,23.1,18.7,11.3,0.3,-1.1,2.7,15.0,16.2,11.4,0.5,-0.1,,,,,,,,,,,,
E07000110,Maidstone,Males,12.2,6.6,16.7,9.1,12.9,8.6,13.2,13.3,11.2,3.7,5.2,,,,,,,,,,,,
E07000111,Sevenoaks,Males,12.6,19.0,17.8,10.5,6.3,4.6,7.6,2.9,3.8,4.7,8.5,,,,,,,,,,,,
E07000112,Shepway,Males,17.1,17.1,22.0,18.1,17.2,9.8,4.6,4.1,5.9,-0.8,-4.4,,,,,,,,,,,,
E07000113,Swale,Males,6.2,14.5,5.0,4.7,10.1,16.8,24.0,13.0,4.1,-10.7,-2.4,,,,,,,,,,,,
E07000114,Thanet,Males,12.6,14.0,20.8,9.0,2.4,-3.5,11.8,15.7,20.3,8.0,0.7,,,,,,,,,,,,
E07000115,Tonbridge and Malling,Males,23.1,16.4,13.6,8.5,9.0,7.3,5.7,2.0,8.2,8.5,14.3,,,,,,,,,,,,
E07000116,Tunbridge Wells,Males,3.2,16.8,14.4,19.4,19.8,21.3,12.4,3.1,4.4,4.4,6.3,,,,,,,,,,,,
E07000117,Burnley,Males,9.6,13.6,9.8,-1.1,3.1,3.4,6.6,1.6,6.9,8.2,13.5,,,,,,,,,,,,
E07000118,Chorley,Males,3.9,14.5,8.6,9.0,1.5,15.3,17.3,19.9,6.6,0.2,-3.6,,,,,,,,,,,,
E07000119,Fylde,Males,12.7,17.8,6.7,6.1,4.7,5.2,5.3,-1.5,10.8,5.5,5.4,,,,,,,,,,,,
E07000120,Hyndburn,Males,3.8,4.9,-0.4,-4.3,-1.2,7.4,19.9,14.1,9.4,4.2,5.5,,,,,,,,,,,,
E07000121,Lancaster,Males,16.6,10.9,8.0,9.1,7.0,9.5,3.0,5.1,8.0,15.4,10.2,,,,,,,,,,,,
E07000122,Pendle,Males,7.7,6.6,10.9,13.8,13.7,15.0,13.3,9.5,3.8,0.7,4.1,,,,,,,,,,,,
E07000123,Preston,Males,9.6,4.7,9.1,4.2,11.0,21.5,21.2,17.6,3.2,0.4,3.9,,,,,,,,,,,,
E07000124,Ribble Valley,Males,11.2,27.1,19.3,16.3,1.5,2.0,16.7,27.6,22.9,13.3,7.9,,,,,,,,,,,,
E07000125,Rossendale,Males,16.5,10.1,9.8,-7.8,5.4,3.8,29.7,21.6,18.4,-2.5,4.9,,,,,,,,,,,,
E07000126,South Ribble,Males,11.9,3.7,1.2,9.9,21.7,20.8,18.2,5.2,6.4,0.7,4.9,,,,,,,,,,,,
E07000127,West Lancashire,Males,8.2,22.9,17.5,20.9,2.9,8.8,5.2,12.3,13.2,10.4,10.6,,,,,,,,,,,,
E07000128,Wyre,Males,10.5,13.2,19.3,9.1,12.8,7.1,6.7,0.1,6.5,13.5,12.1,,,,,,,,,,,,
E07000129,Blaby,Males,3.8,14.3,4.0,3.9,-3.7,7.4,12.2,15.0,5.1,3.0,3.8,,,,,,,,,,,,
E07000130,Charnwood,Males,7.1,11.6,17.7,16.7,9.4,6.5,3.6,11.4,15.1,15.9,7.1,,,,,,,,,,,,
E07000131,Harborough,Males,17.6,8.8,12.5,-3.6,4.0,4.1,10.5,9.6,7.9,10.0,10.2,,,,,,,,,,,,
E07000132,Hinckley and Bosworth,Males,11.7,15.5,10.0,7.8,1.9,6.4,7.6,10.8,5.0,2.0,2.4,,,,,,,,,,,,
E07000133,Melton,Males,11.8,15.2,5.2,17.5,11.5,13.3,0.5,-2.8,7.5,12.1,18.1,,,,,,,,,,,,
E07000134,North West Leicestershire,Males,-0.3,9.0,10.8,15.5,14.3,17.8,9.5,-1.8,-2.2,1.5,16.3,,,,,,,,,,,,
E07000135,Oadby and Wigston,Males,-2.9,12.4,22.8,17.0,-1.6,-11.9,6.1,16.4,20.4,-1.0,-2.8,,,,,,,,,,,,
E07000136,Boston,Males,3.9,12.3,10.6,8.9,12.5,18.2,23.7,12.9,5.7,3.5,0.8,,,,,,,,,,,,
E07000137,East Lindsey,Males,8.0,9.1,0.9,1.5,2.4,7.2,6.1,9.6,13.8,16.2,7.0,,,,,,,,,,,,
E07000138,Lincoln,Males,12.4,8.3,1.4,7.6,8.1,8.8,9.4,4.6,12.9,0.6,3.3,,,,,,,,,,,,
E07000139,North Kesteven,Males,5.6,25.2,13.1,14.4,4.1,17.7,17.0,14.2,13.7,11.3,12.8,,,,,,,,,,,,
E07000140,South Holland,Males,11.1,17.3,10.9,7.1,8.6,14.3,15.3,10.4,3.8,1.6,-0.2,,,,,,,,,,,,
E07000141,South Kesteven,Males,5.1,-2.5,4.6,13.5,23.5,22.7,13.1,6.3,0.4,3.9,5.2,,,,,,,,,,,,
E07000142,West Lindsey,Males,11.5,25.5,26.8,19.7,9.3,2.9,3.9,-1.9,5.9,5.0,12.5,,,,,,,,,,,,
E07000143,Breckland,Males,15.8,17.5,12.0,11.5,9.2,7.6,6.6,4.5,6.3,2.5,-0.7,,,,,,,,,,,,
E07000144,Broadland,Males,4.1,5.3,12.6,9.5,14.1,16.9,19.7,11.3,-5.5,-7.1,-6.3,,,,,,,,,,,,
E07000145,Great Yarmouth,Males,9.1,7.7,12.5,9.3,8.7,5.4,6.3,4.4,3.2,3.9,2.4,,,,,,,,,,,,
E07000146,King’s Lynn and West Norfolk,Males,15.1,12.9,8.8,13.9,10.1,7.6,4.3,8.2,5.1,2.4,1.7,,,,,,,,,,,,
E07000147,North Norfolk,Males,-6.6,-2.1,2.8,14.6,15.9,20.7,16.2,6.8,-1.3,2.3,4.3,,,,,,,,,,,,
E07000148,Norwich,Males,3.4,2.2,10.4,7.3,4.2,4.6,18.8,24.5,22.9,9.6,-5.1,,,,,,,,,,,,
E07000149,South Norfolk,Males,10.0,2.1,-1.5,-0.2,7.3,12.3,11.3,13.7,8.0,8.5,-2.8,,,,,,,,,,,,
E07000150,Corby,Males,1.0,0.4,-1.3,-0.1,10.8,20.8,33.7,19.5,6.9,-6.2,-8.8,,,,,,,,,,,,
E07000151,Daventry,Males,8.8,8.6,6.4,8.1,13.0,16.2,6.6,6.1,7.4,18.8,20.2,,,,,,,,,,,,
E07000152,East Northamptonshire,Males,8.9,16.0,22.2,12.7,8.9,4.9,9.9,0.8,2.9,-3.5,4.5,,,,,,,,,,,,
E07000153,Kettering,Males,9.2,13.9,19.1,11.0,8.2,-2.5,9.6,8.8,14.5,7.2,6.6,,,,,,,,,,,,
E07000154,Northampton,Males,11.1,10.6,3.8,9.8,2.2,6.9,-1.6,11.7,9.5,13.2,4.5,,,,,,,,,,,,
E07000155,South Northamptonshire,Males,19.3,17.4,11.2,6.4,8.3,17.1,21.3,17.7,5.8,-12.9,-9.8,,,,,,,,,,,,
E07000156,Wellingborough,Males,17.2,22.6,9.9,9.4,16.2,22.6,21.2,12.4,7.8,-4.4,-7.8,,,,,,,,,,,,
E07000163,Craven,Males,8.8,8.3,2.3,10.3,4.4,13.0,7.4,14.7,7.9,8.7,3.6,,,,,,,,,,,,
E07000164,Hambleton,Males,12.0,7.7,19.7,12.9,23.5,10.2,9.2,-1.4,1.4,1.3,9.4,,,,,,,,,,,,
E07000165,Harrogate,Males,16.8,20.5,6.6,2.2,-1.4,13.3,17.1,19.5,10.7,4.4,0.3,,,,,,,,,,,,
E07000166,Richmondshire,Males,18.3,17.4,5.9,7.0,-5.3,7.3,11.1,25.7,23.3,14.7,3.6,,,,,,,,,,,,
E07000167,Ryedale,Males,8.2,5.7,15.5,6.6,20.7,17.3,18.4,5.9,-8.1,-3.7,0.8,,,,,,,,,,,,
E07000168,Scarborough,Males,-5.4,9.5,15.7,19.5,16.9,6.2,1.0,-3.6,4.3,9.0,10.1,,,,,,,,,,,,
E07000169,Selby,Males,11.5,12.6,9.2,11.3,18.7,11.8,6.5,-9.7,3.4,6.9,17.1,,,,,,,,,,,,
E07000170,Ashfield,Males,13.8,13.6,14.5,17.0,10.0,11.3,6.7,16.1,7.2,6.5,-2.7,,,,,,,,,,,,
E07000171,Bassetlaw,Males,16.4,12.1,6.0,11.5,12.5,14.8,11.1,10.7,6.7,1.8,0.5,,,,,,,,,,,,
E07000172,Broxtowe,Males,18.5,14.1,7.1,5.9,5.7,10.3,10.9,18.3,11.2,6.9,-0.5,,,,,,,,,,,,
E07000173,Gedling,Males,10.0,8.2,1.9,2.4,6.4,20.1,19.8,16.6,1.0,-10.7,-5.0,,,,,,,,,,,,
E07000174,Mansfield,Males,8.3,0.7,7.1,7.0,21.8,20.8,20.6,12.6,3.2,-1.7,-6.5,,,,,,,,,,,,
E07000175,Newark and Sherwood,Males,17.9,12.9,2.5,-2.1,3.1,15.0,20.1,17.9,12.5,8.2,5.9,,,,,,,,,,,,
E07000176,Rushcliffe,Males,14.4,10.6,8.9,8.6,6.1,7.1,6.2,12.9,8.4,8.0,6.0,,,,,,,,,,,,
E07000177,Cherwell,Males,13.2,10.8,7.3,2.8,1.3,9.4,15.7,21.0,7.3,1.7,-4.8,,,,,,,,,,,,
E07000178,Oxford,Males,9.1,12.2,1.7,7.9,9.3,11.1,9.7,5.6,16.4,17.8,20.7,,,,,,,,,,,,
E07000179,South Oxfordshire,Males,7.5,7.3,7.2,10.2,10.9,8.5,12.6,13.4,13.1,10.8,2.0,,,,,,,,,,,,
E07000180,Vale of White Horse,Males,9.7,17.6,10.3,21.1,13.7,14.0,3.8,1.0,3.8,8.2,14.1,,,,,,,,,,,,
E07000181,West Oxfordshire,Males,10.4,7.6,1.1,8.6,4.4,15.0,6.7,10.2,8.9,11.9,15.2,,,,,,,,,,,,
E07000187,Mendip,Males,7.8,13.0,21.1,18.5,19.5,13.8,9.7,4.6,0.6,-4.0,0.6,,,,,,,,,,,,
E07000188,Sedgemoor,Males,6.2,11.5,5.0,5.9,0.9,18.9,23.3,20.6,4.3,-4.7,-1.6,,,,,,,,,,,,
E07000189,South Somerset,Males,13.0,12.0,4.1,9.5,3.4,8.1,10.2,16.7,12.0,2.2,-5.8,,,,,,,,,,,,
E07000190,Taunton Deane,Males,12.1,9.7,12.8,6.6,7.8,4.6,11.9,13.0,11.1,-0.9,-8.2,,,,,,,,,,,,
E07000191,West Somerset,Males,1.7,4.9,-0.4,4.4,1.7,7.3,0.1,9.4,7.9,15.0,13.9,,,,,,,,,,,,
E07000192,Cannock Chase,Males,4.9,9.1,9.4,19.0,13.1,25.9,16.1,19.9,7.9,3.8,-5.2,,,,,,,,,,,,
E07000193,East Staffordshire,Males,21.7,10.4,8.0,6.6,7.0,11.3,12.0,20.5,16.8,10.3,1.3,,,,,,,,,,,,
E07000194,Lichfield,Males,19.4,25.4,22.2,5.8,3.4,7.6,15.4,14.2,7.9,5.0,9.0,,,,,,,,,,,,
E07000195,Newcastle-under-Lyme,Males,11.8,6.7,10.1,2.5,18.4,20.1,22.3,6.2,0.0,-4.5,5.2,,,,,,,,,,,,
E07000196,South Staffordshire,Males,-0.7,7.5,18.3,18.4,9.7,8.8,11.5,17.5,10.7,4.7,3.6,,,,,,,,,,,,
E07000197,Stafford,Males,10.8,13.4,10.2,14.3,13.7,19.9,16.6,13.0,1.8,2.9,3.6,,,,,,,,,,,,
E07000198,Staffordshire Moorlands,Males,14.0,13.6,17.1,14.0,5.1,7.0,9.4,15.7,12.1,8.8,2.3,,,,,,,,,,,,
E07000199,Tamworth,Males,31.3,19.5,1.4,0.5,1.1,12.1,17.3,20.8,6.9,-3.7,-12.3,,,,,,,,,,,,
E07000200,Babergh,Males,0.1,8.1,1.3,8.9,8.2,21.0,28.4,20.3,13.6,-1.8,-1.9,,,,,,,,,,,,
E07000201,Forest Heath,Males,17.3,13.7,10.5,9.4,11.1,14.4,2.7,6.6,-0.9,10.5,5.2,,,,,,,,,,,,
E07000202,Ipswich,Males,13.8,18.4,9.0,2.2,2.4,9.9,14.7,11.4,4.8,-4.6,3.4,,,,,,,,,,,,
E07000203,Mid Suffolk,Males,17.2,15.3,8.4,6.4,5.3,10.5,13.3,9.2,7.1,-2.9,6.7,,,,,,,,,,,,
E07000204,St Edmundsbury,Males,16.9,19.8,18.7,13.5,19.1,16.7,19.1,10.2,6.3,5.8,0.9,,,,,,,,,,,,
E07000205,Suffolk Coastal,Males,17.8,14.9,15.1,8.0,0.7,0.4,1.4,7.6,6.9,10.9,11.2,,,,,,,,,,,,
E07000206,Waveney,Males,16.3,12.3,11.0,2.0,7.1,5.1,7.8,4.0,2.0,1.7,-5.2,,,,,,,,,,,,
E07000207,Elmbridge,Males,15.6,21.8,16.8,11.1,6.5,7.9,4.0,-0.5,1.8,9.8,11.1,,,,,,,,,,,,
E07000208,Epsom and Ewell,Males,23.0,11.3,23.0,24.6,20.7,5.4,-0.1,4.4,-0.7,-6.7,-4.1,,,,,,,,,,,,
E07000209,Guildford,Males,14.9,13.1,12.6,7.7,14.9,16.0,13.5,6.6,7.5,6.2,2.5,,,,,,,,,,,,
E07000210,Mole Valley,Males,18.8,12.8,12.2,4.8,11.3,4.1,13.9,13.2,15.0,6.4,-8.1,,,,,,,,,,,,
E07000211,Reigate and Banstead,Males,17.2,9.7,11.5,11.9,15.4,12.4,12.1,13.2,9.9,-2.9,-7.4,,,,,,,,,,,,
E07000212,Runnymede,Males,8.3,6.3,12.7,20.4,24.3,13.8,8.6,3.5,10.4,5.1,2.6,,,,,,,,,,,,
E07000213,Spelthorne,Males,7.9,6.4,7.6,8.6,9.6,1.0,5.6,4.3,13.3,5.1,5.6,,,,,,,,,,,,
E07000214,Surrey Heath,Males,28.8,20.2,7.5,4.1,5.5,14.6,8.0,9.8,2.5,6.5,5.3,,,,,,,,,,,,
E07000215,Tandridge,Males,9.4,8.5,12.8,7.6,15.4,8.5,7.2,-5.8,-3.7,6.6,12.6,,,,,,,,,,,,
E07000216,Waverley,Males,15.0,21.6,23.9,12.9,5.9,4.1,12.5,20.1,11.3,0.7,-8.0,,,,,,,,,,,,
E07000217,Woking,Males,15.2,11.7,1.3,3.1,4.7,11.4,8.3,21.3,15.1,16.3,-1.6,,,,,,,,,,,,
E07000218,North Warwickshire,Males,25.3,11.8,12.9,-4.9,4.7,7.2,16.7,15.7,13.0,6.1,-0.2,,,,,,,,,,,,
E07000219,Nuneaton and Bedworth,Males,4.5,3.4,5.5,8.7,12.0,14.4,15.6,11.1,7.9,0.0,0.7,,,,,,,,,,,,
E07000220,Rugby,Males,4.9,12.4,31.8,14.4,9.8,1.3,15.2,18.2,10.6,4.8,-7.7,,,,,,,,,,,,
E07000221,Stratford-on-Avon,Males,9.2,14.7,12.1,10.4,16.7,15.1,15.3,3.7,3.9,1.6,-0.6,,,,,,,,,,,,
E07000222,Warwick,Males,2.6,14.2,14.6,11.9,7.4,15.3,13.9,11.6,7.2,9.9,10.1,,,,,,,,,,,,
E07000223,Adur,Males,12.1,14.3,11.1,0.9,10.2,18.0,21.4,10.3,3.6,-4.1,2.9,,,,,,,,,,,,
E07000224,Arun,Males,4.6,4.8,10.7,7.2,13.5,5.8,13.0,5.8,8.1,2.8,0.9,,,,,,,,,,,,
E07000225,Chichester,Males,14.7,11.4,3.0,1.6,10.1,19.4,19.5,11.5,4.0,-5.5,-7.5,,,,,,,,,,,,
E07000226,Crawley,Males,8.3,1.9,-1.2,9.1,10.1,6.1,-6.8,5.2,12.3,14.5,5.9,,,,,,,,,,,,
E07000227,Horsham,Males,15.7,8.6,-1.6,4.1,12.2,23.3,12.2,5.3,-4.0,3.7,8.1,,,,,,,,,,,,
E07000228,Mid Sussex,Males,24.6,23.4,19.0,7.2,11.8,13.4,16.2,6.0,-2.2,-7.2,-4.0,,,,,,,,,,,,
E07000229,Worthing,Males,10.8,19.2,17.1,7.4,-7.2,0.6,10.6,18.6,10.8,10.1,6.4,,,,,,,,,,,,
E07000234,Bromsgrove,Males,10.9,17.6,21.7,10.0,4.7,11.0,9.5,6.8,-14.3,-10.1,-6.0,,,,,,,,,,,,
E07000235,Malvern Hills,Males,9.4,10.4,19.4,6.8,13.1,7.2,16.0,5.4,4.8,0.7,9.9,,,,,,,,,,,,
E07000236,Redditch,Males,-1.7,2.9,12.4,13.9,10.9,13.1,10.9,5.3,1.3,1.0,8.0,,,,,,,,,,,,
E07000237,Worcester,Males,17.3,5.2,-2.5,-7.6,5.6,18.8,20.4,13.8,2.9,-1.2,0.6,,,,,,,,,,,,
E07000238,Wychavon,Males,12.4,2.1,10.6,16.6,15.4,14.8,4.8,11.0,4.8,9.2,-0.1,,,,,,,,,,,,
E07000239,Wyre Forest,Males,18.3,17.9,15.1,4.1,6.4,8.1,13.9,7.0,7.6,2.4,10.5,,,,,,,,,,,,
E07000240,St Albans,Males,9.3,23.0,20.5,19.5,11.4,6.4,7.6,11.3,17.9,7.6,0.8,,,,,,,,,,,,
E07000241,Welwyn Hatfield,Males,3.6,11.0,9.6,8.4,6.5,5.2,13.9,13.6,5.6,2.3,0.4,,,,,,,,,,,,
E07000242,East Hertfordshire,Males,19.5,13.9,5.0,0.9,2.0,13.1,13.2,12.8,6.5,5.6,7.7,,,,,,,,,,,,
E07000243,Stevenage,Males,15.0,9.9,3.5,-2.6,8.5,21.4,26.1,13.1,-0.2,-7.1,-4.3,,,,,,,,,,,,
E08000001,Bolton,Males,11.2,9.6,10.9,5.9,15.6,19.0,18.7,11.7,9.5,9.6,7.9,,,,,,,,,,,,
E08000002,Bury,Males,5.8,12.2,9.0,13.4,11.1,15.7,9.2,8.4,0.9,1.0,-1.8,,,,,,,,,,,,
E08000003,Manchester,Males,12.6,11.7,13.1,11.0,5.9,6.1,13.0,21.0,20.7,10.0,1.1,,,,,,,,,,,,
E08000004,Oldham ,Males,10.5,16.6,12.6,9.7,5.4,11.5,19.5,22.5,13.6,2.0,-5.9,,,,,,,,,,,,
E08000005,Rochdale,Males,12.6,12.2,13.8,9.8,13.5,8.9,12.0,10.8,10.0,5.7,0.8,,,,,,,,,,,,
E08000006,Salford,Males,10.7,14.4,8.8,6.1,1.0,12.0,16.2,22.7,14.4,8.8,2.7,,,,,,,,,,,,
E08000007,Stockport,Males,12.6,10.7,12.2,11.0,15.2,15.4,18.8,10.7,7.1,1.6,4.4,,,,,,,,,,,,
E08000008,Tameside,Males,16.0,13.9,12.8,8.7,4.0,2.6,7.7,15.2,17.2,11.9,8.4,,,,,,,,,,,,
E08000009,Trafford,Males,13.7,6.2,11.4,10.8,13.6,14.7,10.9,9.9,4.7,4.8,4.0,,,,,,,,,,,,
E08000010,Wigan,Males,11.7,9.0,6.9,7.2,13.4,16.0,15.8,12.0,8.2,4.7,2.7,,,,,,,,,,,,
E08000011,Knowsley ,Males,10.5,13.4,17.4,17.8,17.2,12.2,9.5,5.5,5.7,2.5,0.9,,,,,,,,,,,,
E08000012,Liverpool,Males,15.1,11.1,13.3,9.6,12.4,13.2,14.1,12.1,8.0,4.4,2.5,,,,,,,,,,,,
E08000013,St. Helens,Males,12.5,3.3,5.6,6.0,11.9,17.4,24.6,18.0,4.5,-5.0,-4.7,,,,,,,,,,,,
E08000014,Sefton,Males,12.8,11.4,13.7,12.3,6.9,4.2,2.9,10.8,7.9,9.9,4.1,,,,,,,,,,,,
E08000015,Wirral,Males,6.9,5.5,6.9,8.8,16.5,16.1,16.0,6.0,5.9,1.2,3.7,,,,,,,,,,,,
E08000016,Barnsley,Males,9.6,6.6,12.8,13.0,16.6,14.0,14.5,12.8,12.1,2.9,2.9,,,,,,,,,,,,
E08000017,Doncaster,Males,8.9,10.0,8.5,8.0,11.2,16.8,11.8,6.5,-1.1,2.4,3.8,,,,,,,,,,,,
E08000018,Rotherham ,Males,8.1,14.4,14.5,9.6,11.3,14.0,15.2,10.3,4.3,1.9,-2.2,,,,,,,,,,,,
E08000019,Sheffield,Males,14.8,12.3,10.3,8.0,10.8,11.2,12.1,8.4,6.3,1.5,3.9,,,,,,,,,,,,
E08000021,Newcastle upon Tyne,Males,8.9,14.1,8.8,11.4,11.2,21.7,19.1,20.8,7.2,4.2,-8.2,,,,,,,,,,,,
E08000022,North Tyneside,Males,11.0,18.7,10.3,7.2,6.8,15.3,16.5,10.4,0.7,-4.4,-1.1,,,,,,,,,,,,
E08000023,South Tyneside,Males,12.1,9.4,15.4,13.5,12.7,7.7,6.8,4.6,5.6,9.1,10.1,,,,,,,,,,,,
E08000024,Sunderland,Males,15.2,11.2,0.7,3.5,6.0,17.1,16.1,15.3,7.8,0.1,-0.9,,,,,,,,,,,,
E08000025,Birmingham,Males,16.2,14.7,13.1,14.1,14.9,16.5,13.2,8.4,-0.6,-4.2,-2.6,,,,,,,,,,,,
E08000026,Coventry,Males,0.6,5.8,11.6,12.6,12.7,15.5,16.4,13.5,12.1,5.5,5.3,,,,,,,,,,,,
E08000027,Dudley ,Males,11.2,13.0,12.4,12.8,11.7,17.4,13.5,13.2,6.2,1.9,-5.4,,,,,,,,,,,,
E08000028,Sandwell ,Males,7.6,2.1,-0.3,6.7,16.2,23.2,21.9,16.9,8.9,5.1,0.8,,,,,,,,,,,,
E08000029,Solihull,Males,8.8,2.1,3.5,18.6,26.1,25.6,8.0,-3.9,-8.1,-0.6,3.5,,,,,,,,,,,,
E08000030,Walsall,Males,4.0,1.3,1.8,5.9,13.0,16.1,19.1,14.9,8.6,-5.7,-10.1,,,,,,,,,,,,
E08000031,Wolverhampton,Males,11.6,13.2,8.1,10.9,12.8,18.0,12.4,8.7,4.3,1.2,-2.4,,,,,,,,,,,,
E08000032,Bradford ,Males,10.8,12.0,7.6,10.7,8.2,13.3,11.9,12.5,5.5,2.1,-1.3,,,,,,,,,,,,
E08000033,Calderdale,Males,7.2,14.3,13.4,12.5,3.8,1.2,5.4,13.5,17.4,14.4,9.5,,,,,,,,,,,,
E08000034,Kirklees ,Males,14.7,13.8,7.4,6.9,7.6,11.5,15.4,14.3,15.5,7.5,6.2,,,,,,,,,,,,
E08000035,Leeds ,Males,12.1,10.7,8.3,8.6,9.2,12.7,8.6,10.1,5.7,4.2,-0.4,,,,,,,,,,,,
E08000036,Wakefield,Males,8.7,9.4,5.9,7.7,8.0,14.6,15.4,11.8,9.3,3.4,2.0,,,,,,,,,,,,
E08000037,Gateshead,Males,14.4,15.2,14.6,13.8,12.7,6.6,7.1,4.6,10.2,6.8,2.5,,,,,,,,,,,,
E09000002,Barking and Dagenham,Males,14.5,14.2,10.0,3.9,5.4,13.0,17.3,13.4,4.9,-0.5,-0.7,,,,,,,,,,,,
E09000003,Barnet,Males,10.5,12.7,16.3,13.1,9.1,9.5,15.2,19.0,16.7,8.4,4.5,,,,,,,,,,,,
E09000004,Bexley,Males,16.1,12.4,8.9,9.4,12.9,11.0,11.1,5.3,5.4,-0.6,-0.6,,,,,,,,,,,,
E09000005,Brent ,Males,21.9,19.5,14.0,9.2,11.5,14.4,12.4,8.9,4.4,3.5,4.9,,,,,,,,,,,,
E09000006,Bromley,Males,16.4,14.6,12.4,7.7,8.3,11.5,13.4,12.6,8.5,5.9,2.6,,,,,,,,,,,,
E09000007,Camden,Males,19.9,17.1,24.4,22.8,22.5,23.1,22.9,23.5,21.7,18.3,17.1,,,,,,,,,,,,
E09000008,Croydon,Males,7.4,11.8,13.8,17.7,14.2,10.5,3.0,9.9,12.0,14.9,6.1,,,,,,,,,,,,
E09000009,Ealing,Males,17.9,18.1,18.6,12.9,6.9,2.2,6.1,16.0,22.5,20.8,11.5,,,,,,,,,,,,
E09000010,Enfield,Males,12.7,17.1,17.9,12.9,10.2,14.6,19.2,15.7,9.1,-3.0,-2.8,,,,,,,,,,,,
E09000011,Greenwich,Males,12.1,5.7,10.0,11.9,23.5,25.5,27.6,19.3,14.5,7.2,8.2,,,,,,,,,,,,
E09000012,Hackney ,Males,5.9,10.6,6.5,20.7,18.2,23.8,10.6,12.9,10.3,13.7,10.7,,,,,,,,,,,,
E09000013,Hammersmith and Fulham ,Males,21.6,15.4,11.6,-2.6,8.9,13.5,18.3,9.8,13.0,5.3,10.3,,,,,,,,,,,,
E09000014,Haringey,Males,17.2,17.8,14.3,10.4,19.1,27.0,27.6,25.1,15.1,9.1,2.0,,,,,,,,,,,,
E09000015,Harrow,Males,7.8,14.9,21.0,25.7,20.0,10.3,5.8,8.1,12.4,7.9,5.1,,,,,,,,,,,,
E09000016,Havering,Males,17.3,13.6,7.2,5.9,5.0,7.2,6.9,12.1,13.9,12.9,6.3,,,,,,,,,,,,
E09000017,Hillingdon,Males,10.4,15.3,9.9,15.1,8.7,15.6,14.2,17.9,9.9,8.1,6.9,,,,,,,,,,,,
E09000018,Hounslow,Males,17.2,15.8,14.9,14.3,18.2,16.5,16.7,12.0,10.3,5.2,5.3,,,,,,,,,,,,
E09000019,Islington,Males,18.5,14.5,7.3,11.8,17.3,22.1,21.6,16.2,19.4,12.8,18.1,,,,,,,,,,,,
E09000020,Kensington and Chelsea,Males,28.1,22.5,14.9,1.0,-0.5,-2.8,3.9,8.6,17.6,19.1,17.7,,,,,,,,,,,,
E09000021,Kingston upon Thames,Males,13.4,10.7,15.3,17.6,19.5,14.9,11.5,5.3,10.4,4.1,6.1,,,,,,,,,,,,
E09000022,Lambeth ,Males,18.6,20.0,10.0,15.0,13.0,21.8,21.7,17.0,15.1,4.8,4.7,,,,,,,,,,,,
E09000023,Lewisham ,Males,14.6,11.3,13.1,8.4,9.5,15.8,20.6,20.8,15.0,7.8,6.8,,,,,,,,,,,,
E09000024,Merton,Males,20.5,21.2,20.0,13.5,6.8,9.3,3.6,2.9,1.0,5.2,8.3,,,,,,,,,,,,
E09000025,Newham ,Males,12.5,12.9,10.4,18.6,12.6,22.4,16.9,23.5,12.5,16.0,10.9,,,,,,,,,,,,
E09000026,Redbridge,Males,10.1,11.1,15.6,15.4,11.7,11.7,12.3,16.5,12.0,5.2,4.5,,,,,,,,,,,,
E09000027,Richmond upon Thames,Males,13.2,15.4,12.0,15.6,13.5,13.4,8.6,7.4,9.7,6.5,7.0,,,,,,,,,,,,
E09000028,Southwark,Males,25.0,20.2,13.3,7.2,8.0,16.3,15.3,17.6,13.5,10.8,7.8,,,,,,,,,,,,
E09000029,Sutton,Males,14.9,6.6,10.4,7.5,8.0,10.5,14.4,16.8,11.8,5.4,-0.5,,,,,,,,,,,,
E09000030,Tower Hamlets,Males,24.0,14.2,2.6,7.3,13.5,21.2,17.8,17.3,16.7,17.0,14.4,,,,,,,,,,,,
E09000031,Waltham Forest,Males,10.6,14.4,15.7,25.7,22.0,24.1,16.9,18.2,4.4,3.0,-2.6,,,,,,,,,,,,
E09000032,Wandsworth,Males,13.2,9.3,15.5,13.8,15.6,14.7,14.3,10.9,7.6,7.7,9.7,,,,,,,,,,,,
E09000033,Westminster,Males,24.2,31.1,35.6,21.7,11.4,-2.0,-3.6,2.6,12.1,16.1,12.5,,,,,,,,,,,,
N09000001,Antrim and Newtownabbey,Males,20.9,14.8,2.4,2.6,7.3,15.2,9.4,5.9,2.3,4.3,8.3,,,,,,,,,,,,
N09000002,"Armagh, Banbridge and Craigavon",Males,12.8,10.2,2.8,3.3,-2.4,4.8,10.4,17.8,17.5,10.0,8.8,,,,,,,,,,,,
N09000003,Belfast,Males,5.5,2.3,0.9,1.5,8.0,15.0,13.0,10.7,5.8,5.1,4.5,,,,,,,,,,,,
N09000004,Causeway Coast and Glens,Males,5.5,7.0,2.8,6.8,0.8,2.4,6.8,14.7,18.4,15.6,11.2,,,,,,,,,,,,
N09000005,Derry and Strabane,Males,11.2,5.5,-2.8,2.3,13.6,23.7,17.3,11.7,5.8,5.5,10.7,,,,,,,,,,,,
N09000006,Fermanagh and Omagh,Males,1.4,-9.1,4.1,6.7,26.9,21.1,26.4,15.1,10.0,0.6,1.1,,,,,,,,,,,,
N09000007,Lisburn and Castlereagh,Males,9.3,20.5,18.9,10.9,5.5,8.9,12.8,12.4,10.7,9.1,7.8,,,,,,,,,,,,
N09000008,Mid and East Antrim,Males,7.0,5.5,5.3,8.7,5.4,5.9,3.8,10.1,14.0,7.4,5.0,,,,,,,,,,,,
N09000009,Mid Ulster,Males,-18.4,-19.2,0.2,22.6,28.7,25.5,20.6,14.8,11.5,5.4,4.5,,,,,,,,,,,,
N09000010,"Newry, Mourne and Down",Males,9.1,5.3,4.2,13.3,11.3,16.9,6.2,11.6,4.2,8.7,4.9,,,,,,,,,,,,
N09000011,North Down and Ards,Males,3.4,-0.8,8.5,5.3,12.0,6.4,13.3,11.1,15.1,6.1,4.8,,,,,,,,,,,,
S12000005,Clackmannanshire,Males,-4.1,11.1,15.3,21.2,18.4,24.0,24.4,16.6,7.4,-0.8,-3.3,,,,,,,,,,,,
S12000006,Dumfries and Galloway,Males,15.6,9.0,8.9,8.4,7.0,10.0,7.9,14.5,8.5,8.2,-1.4,,,,,,,,,,,,
S12000008,East Ayrshire,Males,22.9,5.9,9.8,1.7,17.0,14.1,18.0,3.4,1.2,0.2,9.3,,,,,,,,,,,,
S12000010,East Lothian,Males,8.3,6.9,5.3,5.0,13.6,10.7,15.9,12.9,11.4,4.5,-1.6,,,,,,,,,,,,
S12000011,East Renfrewshire,Males,16.6,12.2,7.2,6.8,10.0,16.9,21.6,14.3,9.2,-4.9,7.7,,,,,,,,,,,,
S12000013,Na h-Eileanan Siar,Males,18.2,9.5,16.9,7.1,14.9,21.6,29.1,31.3,15.5,5.4,-5.1,,,,,,,,,,,,
S12000014,Falkirk,Males,9.8,11.9,8.9,17.0,18.1,20.2,10.2,3.5,4.2,7.2,6.6,,,,,,,,,,,,
S12000015,Fife,Males,10.7,13.0,5.6,7.6,6.3,10.0,10.6,10.3,11.3,8.5,5.8,,,,,,,,,,,,
S12000017,Highland,Males,10.1,16.3,11.1,13.3,6.6,8.0,9.5,13.3,19.3,8.6,4.6,,,,,,,,,,,,
S12000018,Inverclyde,Males,24.3,27.1,22.2,13.2,8.1,2.9,4.3,16.5,27.4,21.4,12.3,,,,,,,,,,,,
S12000019,Midlothian,Males,5.0,11.9,14.0,18.2,8.0,6.7,10.2,6.4,4.6,-1.4,8.4,,,,,,,,,,,,
S12000020,Moray,Males,19.7,12.2,10.6,11.9,13.0,7.4,5.4,8.9,17.1,17.5,10.3,,,,,,,,,,,,
S12000021,North Ayrshire,Males,15.8,6.7,1.5,1.7,15.9,15.1,21.8,8.9,14.4,2.3,0.6,,,,,,,,,,,,
S12000023,Orkney Islands,Males,5.8,-14.7,-19.0,-4.5,30.0,53.2,41.7,9.1,-8.3,-8.0,21.1,,,,,,,,,,,,
S12000024,Perth and Kinross,Males,5.2,6.4,12.3,19.2,25.6,21.7,17.3,4.4,3.0,4.3,8.6,,,,,,,,,,,,
S12000026,Scottish Borders ,Males,13.4,16.9,16.1,8.5,11.4,9.0,16.3,18.8,15.1,2.5,-6.7,,,,,,,,,,,,
S12000027,Shetland Islands,Males,32.6,19.0,-5.2,-3.2,15.4,38.5,17.1,9.9,-1.5,2.8,-2.4,,,,,,,,,,,,
S12000028,South Ayrshire,Males,20.6,14.1,5.2,-0.3,8.2,19.6,18.7,16.4,13.3,5.9,-1.0,,,,,,,,,,,,
S12000029,South Lanarkshire,Males,4.4,5.4,2.4,5.6,16.2,21.5,17.8,9.7,4.7,7.9,4.0,,,,,,,,,,,,
S12000030,Stirling,Males,13.6,14.0,8.4,8.2,11.5,15.0,12.1,7.9,0.2,2.4,2.0,,,,,,,,,,,,
S12000033,Aberdeen City,Males,8.5,8.7,4.7,9.1,12.2,15.1,16.9,10.8,2.2,-5.2,-7.5,,,,,,,,,,,,
S12000034,Aberdeenshire,Males,9.9,14.6,9.2,11.6,6.3,11.6,10.9,13.7,11.2,4.2,1.3,,,,,,,,,,,,
S12000035,Argyll and Bute,Males,9.6,15.8,13.2,8.5,8.8,14.4,11.2,17.0,11.7,12.2,-9.1,,,,,,,,,,,,
S12000036,City of Edinburgh,Males,9.6,8.2,9.8,10.8,10.8,13.1,9.6,8.4,7.2,8.1,6.1,,,,,,,,,,,,
S12000038,Renfrewshire,Males,18.0,22.1,12.8,4.1,3.0,12.3,17.7,21.1,13.5,12.9,8.3,,,,,,,,,,,,
S12000039,West Dunbartonshire,Males,11.9,14.5,13.5,9.5,20.8,25.7,18.6,5.6,4.7,7.7,7.0,,,,,,,,,,,,
S12000040,West Lothian,Males,19.4,12.8,19.3,9.4,9.9,10.5,13.3,15.2,12.5,14.4,10.2,,,,,,,,,,,,
S12000041,Angus,Males,11.1,3.3,12.6,8.9,18.7,14.5,14.2,10.0,6.5,5.1,1.0,,,,,,,,,,,,
S12000042,Dundee City,Males,18.2,13.9,7.2,0.6,0.7,5.2,9.4,17.6,16.1,10.2,-6.7,,,,,,,,,,,,
S12000044,North Lanarkshire,Males,13.2,5.0,5.4,10.2,19.4,17.9,12.0,7.5,8.0,5.5,3.9,,,,,,,,,,,,
S12000045,East Dunbartonshire,Males,8.9,12.0,4.5,4.8,16.2,19.4,18.7,12.1,11.7,8.3,-2.2,,,,,,,,,,,,
S12000046,Glasgow City,Males,15.9,17.3,9.7,9.1,12.1,17.5,17.5,15.3,14.4,9.4,4.7,,,,,,,,,,,,
W06000001,Isle of Anglesey / Ynys Môn,Males,10.1,2.7,-1.1,-2.4,4.8,12.0,18.8,15.8,7.6,3.4,2.5,,,,,,,,,,,,
W06000002,Gwynedd / Gwynedd,Males,-0.8,3.2,5.3,7.2,5.9,9.6,14.8,22.8,19.3,10.9,-2.8,,,,,,,,,,,,
W06000003,Conwy / Conwy,Males,10.7,13.0,9.1,7.9,11.8,12.7,19.8,12.9,10.7,0.5,-1.4,,,,,,,,,,,,
W06000004,Denbighshire / Sir Ddinbych,Males,4.0,7.4,12.1,11.8,7.7,9.2,10.0,6.7,-3.5,-3.9,-8.2,,,,,,,,,,,,
W06000005,Flintshire / Sir y Fflint,Males,3.3,14.7,15.0,17.4,10.9,15.2,10.2,8.6,0.7,1.4,3.3,,,,,,,,,,,,
W06000006,Wrexham / Wrecsam,Males,15.1,15.7,11.2,5.8,5.0,11.0,10.7,12.3,4.3,3.0,0.9,,,,,,,,,,,,
W06000008,Ceredigion / Ceredigion,Males,-3.7,19.9,31.2,17.5,8.4,-4.1,1.1,-2.6,9.4,2.5,4.4,,,,,,,,,,,,
W06000009,Pembrokeshire / Sir Benfro,Males,16.6,9.1,15.4,11.6,16.8,18.3,21.5,13.2,10.5,-1.2,1.4,,,,,,,,,,,,
W06000010,Carmarthenshire / Sir Gaerfyrddin,Males,10.9,10.6,11.4,17.8,16.0,20.0,13.5,11.4,7.4,2.7,0.5,,,,,,,,,,,,
W06000011,Swansea / Abertawe,Males,11.8,7.6,14.0,4.7,8.7,2.2,8.8,5.0,10.4,6.9,4.4,,,,,,,,,,,,
W06000012,Neath Port Talbot / Castell-nedd Port Talbot,Males,21.6,21.8,11.8,1.6,0.3,4.0,6.2,2.2,7.6,9.8,11.4,,,,,,,,,,,,
W06000013,Bridgend / Pen-y-bont ar Ogwr,Males,5.3,4.3,4.4,4.6,11.3,10.2,6.5,3.2,4.8,3.8,5.0,,,,,,,,,,,,
W06000014,Vale of Glamorgan / Bro Morgannwg,Males,20.4,20.7,8.9,3.8,11.7,19.7,18.3,12.1,2.0,-4.5,-10.0,,,,,,,,,,,,
W06000015,Cardiff / Caerdydd,Males,12.4,7.4,4.4,5.1,14.5,18.0,14.3,5.8,1.7,2.6,3.5,,,,,,,,,,,,
W06000016,Rhondda Cynon Taf / Rhondda Cynon Taf,Males,15.9,0.8,3.0,-2.9,13.2,5.0,11.7,5.4,13.6,7.7,9.0,,,,,,,,,,,,
W06000018,Caerphilly / Caerffili,Males,12.4,11.5,3.5,6.7,11.7,21.7,16.3,10.6,5.6,3.3,2.9,,,,,,,,,,,,
W06000019,Blaenau Gwent / Blaenau Gwent,Males,13.1,15.8,12.4,10.1,7.8,8.3,1.3,-3.8,3.3,9.5,13.3,,,,,,,,,,,,
W06000020,Torfaen / Tor-faen,Males,21.6,14.1,7.1,-8.5,2.8,10.4,11.6,4.3,3.5,8.5,4.8,,,,,,,,,,,,
W06000021,Monmouthshire / Sir Fynwy,Males,20.5,8.5,4.0,9.7,19.1,19.1,5.0,-5.7,3.0,9.1,11.9,,,,,,,,,,,,
W06000022,Newport / Casnewydd,Males,23.5,20.6,12.1,1.1,-2.5,7.7,12.6,13.1,5.9,3.8,4.4,,,,,,,,,,,,
W06000023,Powys / Powys,Males,13.6,12.4,15.0,12.0,12.1,5.3,8.1,10.4,12.7,5.8,-3.7,,,,,,,,,,,,
W06000024,Merthyr Tydfil / Merthyr Tudful,Males,23.6,19.8,6.4,-8.0,1.5,16.8,31.1,14.2,9.4,-9.1,0.8,,,,,,,,,,,,
E06000001,Hartlepool,Females,-0.3,-1.9,7.0,16.1,33.0,24.3,19.6,7.4,7.9,-0.2,-3.0,,,,,,,,,,,,
E06000002,Middlesbrough,Females,11.5,17.8,11.2,5.6,5.6,5.8,7.8,2.1,-2.6,-4.5,-5.9,,,,,,,,,,,,
E06000003,Redcar and Cleveland,Females,8.4,6.3,6.4,12.5,11.1,13.0,6.9,6.1,2.4,-0.9,-2.5,,,,,,,,,,,,
E06000004,Stockton-on-Tees,Females,5.2,9.0,9.0,8.6,8.3,11.2,15.2,9.4,6.5,-4.6,-9.0,,,,,,,,,,,,
E06000005,Darlington,Females,5.5,6.5,5.2,9.1,12.6,19.7,20.6,11.2,0.5,-7.1,-3.2,,,,,,,,,,,,
E06000006,Halton,Females,2.5,6.6,8.6,12.2,14.1,17.7,11.7,4.9,0.4,1.1,3.6,,,,,,,,,,,,
E06000007,Warrington,Females,11.5,3.2,-1.8,1.1,8.8,16.1,10.4,3.4,-1.4,-1.8,1.9,,,,,,,,,,,,
E06000008,Blackburn with Darwen,Females,19.4,13.2,13.2,3.3,5.9,8.8,14.7,15.6,8.8,0.0,-7.2,,,,,,,,,,,,
E06000009,Blackpool,Females,4.7,8.3,0.5,8.3,4.6,11.9,5.0,7.4,0.9,-5.5,-7.6,,,,,,,,,,,,
E06000010,"Kingston upon Hull, City of",Females,-5.5,-0.7,5.3,10.8,12.8,10.1,6.3,6.3,2.8,-1.9,-6.0,,,,,,,,,,,,
E06000011,East Riding of Yorkshire,Females,7.2,8.8,12.8,7.0,9.5,7.4,6.9,3.4,4.3,5.2,6.7,,,,,,,,,,,,
E06000012,North East Lincolnshire,Females,4.0,2.4,-0.8,4.5,10.3,11.0,7.7,1.0,5.1,5.4,11.2,,,,,,,,,,,,
E06000013,North Lincolnshire,Females,1.4,-1.2,-1.7,4.3,9.9,13.6,16.3,7.3,7.9,-1.0,2.4,,,,,,,,,,,,
E06000014,York,Females,14.0,13.6,4.0,-0.9,-5.5,-0.1,1.7,7.9,5.6,4.7,1.2,,,,,,,,,,,,
E06000015,Derby ,Females,15.8,12.2,-1.0,-5.0,-2.1,11.4,16.7,12.1,4.3,1.4,3.0,,,,,,,,,,,,
E06000016,Leicester,Females,7.2,12.2,10.3,7.1,3.6,10.9,16.5,15.2,7.0,-0.6,-0.7,,,,,,,,,,,,
E06000017,Rutland ,Females,4.5,7.0,8.4,-2.2,-17.5,-8.1,11.4,29.8,23.2,6.1,-1.5,,,,,,,,,,,,
E06000018,Nottingham,Females,16.0,14.6,10.4,7.2,7.3,14.5,10.3,8.4,0.2,1.1,-4.7,,,,,,,,,,,,
E06000019,"Herefordshire, County of",Females,2.0,3.5,9.2,3.0,3.5,3.5,8.5,9.0,9.3,4.2,-1.9,,,,,,,,,,,,
E06000020,Telford and Wrekin,Females,10.2,11.6,4.5,12.9,7.1,10.9,-1.1,-2.0,-1.2,5.1,10.4,,,,,,,,,,,,
E06000021,Stoke-on-Trent,Females,6.9,13.6,5.7,2.4,1.4,9.3,8.9,6.7,6.5,7.1,8.5,,,,,,,,,,,,
E06000022,Bath and North East Somerset,Females,-1.3,3.2,6.8,7.6,9.0,8.8,8.8,6.8,6.4,1.2,2.1,,,,,,,,,,,,
E06000023,"Bristol, City of",Females,8.1,9.2,9.3,8.3,9.0,10.3,11.7,6.7,4.3,-1.1,1.3,,,,,,,,,,,,
E06000024,North Somerset,Females,13.7,7.9,8.8,8.5,8.8,5.5,0.2,0.1,4.1,0.8,1.7,,,,,,,,,,,,
E06000025,South Gloucestershire,Females,18.4,14.3,7.4,1.4,6.7,11.9,9.9,4.1,2.7,2.8,7.8,,,,,,,,,,,,
E06000026,Plymouth,Females,13.5,12.7,10.9,2.1,0.3,2.9,4.3,7.8,5.4,8.6,3.5,,,,,,,,,,,,
E06000027,Torbay,Females,20.2,6.3,5.9,-11.6,-0.1,-1.5,7.8,7.2,11.4,10.7,-1.6,,,,,,,,,,,,
E06000028,Bournemouth,Females,5.2,1.7,3.3,8.4,6.4,11.2,4.3,3.9,0.3,-0.3,-0.1,,,,,,,,,,,,
E06000029,Poole,Females,9.9,12.7,6.5,5.3,1.8,10.3,7.4,6.3,1.2,-3.5,-3.7,,,,,,,,,,,,
E06000030,Swindon,Females,13.4,12.4,13.2,13.2,13.9,7.4,3.4,1.1,4.5,3.3,4.4,,,,,,,,,,,,
E06000031,Peterborough,Females,13.1,4.7,9.4,10.1,16.1,15.1,8.6,4.4,-1.2,0.8,-2.3,,,,,,,,,,,,
E06000032,Luton,Females,9.5,7.6,6.9,7.8,8.2,15.1,15.2,14.1,4.6,3.3,-1.1,,,,,,,,,,,,
E06000033,Southend-on-Sea,Females,8.1,11.6,10.7,16.0,6.1,6.9,2.5,9.7,9.3,6.6,0.6,,,,,,,,,,,,
E06000034,Thurrock,Females,7.0,6.4,4.1,2.5,7.4,9.3,10.3,9.6,5.5,4.3,-3.2,,,,,,,,,,,,
E06000035,Medway,Females,9.5,9.8,9.3,8.7,8.0,9.3,7.0,9.3,2.4,-1.3,-3.0,,,,,,,,,,,,
E06000036,Bracknell Forest,Females,12.0,11.2,8.9,7.9,10.2,9.4,8.3,6.1,15.3,16.1,11.2,,,,,,,,,,,,
E06000037,West Berkshire,Females,8.8,7.5,6.9,9.3,14.2,14.4,11.4,1.4,1.1,-0.3,6.2,,,,,,,,,,,,
E06000038,Reading,Females,7.0,6.6,8.4,7.9,9.1,11.9,5.7,6.6,1.4,6.6,3.0,,,,,,,,,,,,
E06000039,Slough,Females,15.1,20.3,20.1,6.9,0.1,2.7,7.2,4.2,3.8,3.2,4.0,,,,,,,,,,,,
E06000040,Windsor and Maidenhead,Females,11.5,6.6,3.9,5.9,10.1,14.1,14.4,12.0,7.6,3.9,-0.6,,,,,,,,,,,,
E06000041,Wokingham,Females,9.8,10.0,5.9,7.7,6.8,7.9,5.8,6.9,4.8,4.9,5.6,,,,,,,,,,,,
E06000042,Milton Keynes,Females,9.5,12.5,15.5,12.3,7.9,10.1,6.5,6.8,2.1,5.2,4.8,,,,,,,,,,,,
E06000043,Brighton and Hove,Females,9.3,4.7,10.9,6.2,13.8,5.1,9.7,4.6,11.2,7.3,4.4,,,,,,,,,,,,
E06000044,Portsmouth,Females,18.7,14.7,10.0,7.6,10.8,11.7,6.0,-4.4,-5.2,-3.3,1.8,,,,,,,,,,,,
E06000045,Southampton,Females,10.2,10.1,8.3,5.1,5.9,12.4,9.0,6.4,2.9,3.4,2.4,,,,,,,,,,,,
E06000046,Isle of Wight,Females,15.1,12.7,0.1,-2.1,3.2,12.5,8.9,3.1,-0.4,4.3,7.2,,,,,,,,,,,,
E06000047,County Durham,Females,8.2,10.2,11.4,9.2,8.9,11.0,10.1,4.6,0.3,-2.8,-0.1,,,,,,,,,,,,
E06000049,Cheshire East,Females,7.1,13.2,11.8,9.6,5.4,7.5,7.8,8.7,7.2,5.3,2.8,,,,,,,,,,,,
E06000050,Cheshire West and Chester,Females,9.6,7.1,6.8,4.7,7.0,8.4,9.4,11.4,8.4,6.0,-4.2,,,,,,,,,,,,
E06000051,Shropshire,Females,17.3,15.3,8.9,-1.5,2.4,7.5,13.7,10.7,9.6,2.0,-0.3,,,,,,,,,,,,
E06000052,Cornwall,Females,10.2,11.4,8.5,2.6,3.5,7.2,11.1,8.5,3.8,0.2,-0.6,,,,,,,,,,,,
E06000054,Wiltshire,Females,11.3,10.1,8.4,5.6,5.7,6.3,6.8,4.0,4.9,3.0,3.4,,,,,,,,,,,,
E06000055,Bedford,Females,7.8,6.0,8.3,7.0,6.5,9.0,8.6,11.8,12.7,7.1,0.9,,,,,,,,,,,,
E06000056,Central Bedfordshire,Females,5.8,4.0,7.5,5.1,9.9,13.0,17.9,11.6,3.8,-1.1,3.4,,,,,,,,,,,,
E06000057,Northumberland,Females,5.6,5.1,5.2,5.2,9.3,10.7,10.3,5.3,2.5,2.6,2.4,,,,,,,,,,,,
E07000004,Aylesbury Vale,Females,3.1,4.7,5.6,7.4,10.0,16.9,17.9,15.6,5.6,2.4,0.8,,,,,,,,,,,,
E07000005,Chiltern,Females,4.6,17.7,21.6,18.1,5.0,0.7,4.8,13.6,16.5,5.0,1.2,,,,,,,,,,,,
E07000006,South Bucks,Females,11.4,13.7,22.5,21.1,10.0,3.7,1.0,14.2,12.1,10.8,-5.4,,,,,,,,,,,,
E07000007,Wycombe,Females,17.4,15.4,14.1,9.5,11.2,8.3,0.2,2.3,3.8,10.2,6.2,,,,,,,,,,,,
E07000008,Cambridge,Females,7.1,11.2,11.0,10.5,7.7,14.7,14.9,11.8,-0.1,-4.3,-3.0,,,,,,,,,,,,
E07000009,East Cambridgeshire,Females,15.0,17.3,5.5,-6.0,2.0,10.8,20.6,17.7,10.5,-2.3,-7.7,,,,,,,,,,,,
E07000010,Fenland,Females,3.3,-0.8,5.7,15.7,16.4,16.6,8.7,5.0,-0.9,-0.5,-4.1,,,,,,,,,,,,
E07000011,Huntingdonshire,Females,6.8,9.1,11.1,14.4,13.2,19.6,10.2,7.7,0.1,6.0,7.2,,,,,,,,,,,,
E07000012,South Cambridgeshire,Females,13.2,11.8,5.5,1.3,5.5,10.0,14.5,9.6,1.6,-2.7,-3.9,,,,,,,,,,,,
E07000026,Allerdale,Females,7.2,6.1,1.0,7.2,13.2,14.4,7.9,-2.2,3.9,4.7,7.7,,,,,,,,,,,,
E07000027,Barrow-in-Furness,Females,3.1,6.4,1.4,0.8,2.1,9.1,12.3,11.6,6.3,-1.9,-8.7,,,,,,,,,,,,
E07000028,Carlisle,Females,11.0,2.7,4.6,3.3,5.2,6.5,7.0,5.6,7.9,11.2,13.5,,,,,,,,,,,,
E07000029,Copeland,Females,11.0,13.3,-7.0,-1.5,0.9,16.4,11.4,6.3,6.7,0.2,7.5,,,,,,,,,,,,
E07000030,Eden,Females,22.1,16.0,4.8,-0.6,8.4,14.0,9.8,8.0,8.9,15.2,6.2,,,,,,,,,,,,
E07000031,South Lakeland,Females,11.8,10.9,-0.3,-0.4,1.3,5.2,6.3,9.1,16.4,17.0,9.7,,,,,,,,,,,,
E07000032,Amber Valley,Females,7.7,19.9,10.5,8.6,-0.9,10.6,14.5,18.9,5.5,-6.7,-13.3,,,,,,,,,,,,
E07000033,Bolsover,Females,12.4,21.5,13.6,7.7,1.5,18.3,15.3,17.2,-3.1,-6.2,-9.8,,,,,,,,,,,,
E07000034,Chesterfield,Females,7.6,6.8,18.5,23.2,16.0,3.7,-6.6,-4.5,-1.5,1.0,3.1,,,,,,,,,,,,
E07000035,Derbyshire Dales,Females,12.4,9.0,10.0,14.2,14.8,15.3,7.5,2.5,5.4,0.1,-2.7,,,,,,,,,,,,
E07000036,Erewash,Females,7.2,8.7,3.9,9.6,15.7,16.6,18.1,9.8,2.7,-6.7,-3.6,,,,,,,,,,,,
E07000037,High Peak,Females,-6.3,12.3,13.0,17.8,14.0,18.3,19.4,10.5,4.6,-2.4,-0.4,,,,,,,,,,,,
E07000038,North East Derbyshire,Females,6.5,5.6,15.0,16.4,19.5,18.4,10.2,10.7,4.0,2.8,-5.9,,,,,,,,,,,,
E07000039,South Derbyshire,Females,16.5,16.3,9.9,0.3,2.9,15.2,19.1,5.8,-0.4,-6.8,4.3,,,,,,,,,,,,
E07000040,East Devon,Females,6.6,8.0,5.3,7.8,8.9,8.7,5.2,0.9,-4.6,-1.6,-2.5,,,,,,,,,,,,
E07000041,Exeter,Females,15.3,8.4,7.6,3.3,2.9,1.4,0.4,7.9,13.2,16.7,3.8,,,,,,,,,,,,
E07000042,Mid Devon,Females,3.8,6.4,5.2,10.7,4.9,12.8,11.8,20.5,12.2,7.6,-7.3,,,,,,,,,,,,
E07000043,North Devon,Females,7.5,6.3,11.8,12.1,8.9,5.2,-1.3,-4.2,-0.7,1.4,-1.5,,,,,,,,,,,,
E07000044,South Hams,Females,7.5,3.9,7.8,3.4,6.2,2.4,11.1,15.2,14.6,8.0,-4.8,,,,,,,,,,,,
E07000045,Teignbridge,Females,6.5,11.7,5.0,-1.1,-6.6,6.3,9.0,12.1,5.0,11.0,8.4,,,,,,,,,,,,
E07000046,Torridge,Females,19.1,15.5,13.8,-1.2,-0.3,4.9,3.8,-8.6,-1.6,4.4,11.3,,,,,,,,,,,,
E07000047,West Devon,Females,-1.0,19.4,16.0,17.7,-8.7,-4.2,3.0,17.6,13.6,2.7,-12.1,,,,,,,,,,,,
E07000048,Christchurch,Females,7.1,12.4,14.4,6.6,3.6,3.5,3.8,11.2,7.1,1.0,-3.7,,,,,,,,,,,,
E07000049,East Dorset,Females,14.3,10.5,7.9,2.5,5.6,13.9,16.3,6.8,-1.5,-6.0,-0.1,,,,,,,,,,,,
E07000050,North Dorset,Females,14.2,12.4,8.4,6.5,9.0,12.0,9.7,9.1,3.1,0.1,-5.9,,,,,,,,,,,,
E07000051,Purbeck,Females,8.5,11.2,1.3,4.1,13.3,19.9,27.2,1.0,-6.9,-28.4,-6.1,,,,,,,,,,,,
E07000052,West Dorset,Females,13.6,14.7,13.7,11.8,12.5,11.3,9.7,4.0,1.4,-5.0,-3.8,,,,,,,,,,,,
E07000053,Weymouth and Portland,Females,5.5,0.6,2.7,-2.7,11.5,10.6,15.1,3.4,4.3,4.7,3.6,,,,,,,,,,,,
E07000061,Eastbourne,Females,-4.1,2.0,11.2,18.1,13.8,8.8,2.8,0.1,-1.9,-3.1,2.0,,,,,,,,,,,,
E07000062,Hastings,Females,7.8,6.5,4.2,5.8,4.4,5.7,5.7,10.8,8.9,11.9,3.6,,,,,,,,,,,,
E07000063,Lewes,Females,8.2,9.6,9.6,8.2,7.6,12.8,7.5,8.2,8.9,9.7,4.7,,,,,,,,,,,,
E07000064,Rother,Females,15.3,17.8,11.3,8.8,9.1,4.2,6.6,3.8,9.0,-0.4,0.7,,,,,,,,,,,,
E07000065,Wealden,Females,5.8,10.9,6.5,7.8,1.4,9.7,2.1,10.1,7.4,7.0,0.0,,,,,,,,,,,,
E07000066,Basildon,Females,7.7,13.8,8.0,12.4,9.9,15.7,7.4,7.5,1.6,3.4,-4.8,,,,,,,,,,,,
E07000067,Braintree,Females,19.5,11.0,10.0,4.9,2.3,4.2,2.0,6.5,4.5,1.4,-3.5,,,,,,,,,,,,
E07000068,Brentwood,Females,14.6,17.0,10.5,3.4,4.9,9.4,10.7,1.3,-3.4,-4.8,5.5,,,,,,,,,,,,
E07000069,Castle Point,Females,11.2,11.0,6.2,6.2,10.7,17.3,1.7,-5.9,-12.1,2.3,3.8,,,,,,,,,,,,
E07000070,Chelmsford,Females,5.3,10.5,10.4,7.4,2.9,3.2,2.1,7.5,8.4,6.5,1.1,,,,,,,,,,,,
E07000071,Colchester,Females,4.4,8.6,9.4,7.2,3.1,2.9,5.2,5.9,3.4,-0.5,-4.6,,,,,,,,,,,,
E07000072,Epping Forest,Females,8.3,8.9,5.6,4.0,7.5,16.3,14.2,12.2,3.1,2.1,-0.6,,,,,,,,,,,,
E07000073,Harlow,Females,14.3,-4.4,5.4,-1.0,2.4,-8.3,-4.3,3.6,12.2,14.8,5.4,,,,,,,,,,,,
E07000074,Maldon,Females,5.4,10.8,13.6,16.9,9.3,8.6,1.7,3.5,6.2,1.6,-1.8,,,,,,,,,,,,
E07000075,Rochford,Females,23.0,17.3,14.5,-4.9,-8.6,-6.1,8.0,16.3,10.1,6.3,2.7,,,,,,,,,,,,
E07000076,Tendring,Females,9.5,3.1,0.3,3.9,8.4,10.0,-0.3,-1.0,-3.2,0.4,-2.1,,,,,,,,,,,,
E07000077,Uttlesford,Females,18.5,14.8,22.4,9.4,17.0,12.3,14.2,8.4,2.9,-2.5,-14.1,,,,,,,,,,,,
E07000078,Cheltenham,Females,16.3,8.9,9.7,8.4,13.9,12.8,8.1,0.9,-2.1,-8.8,-5.6,,,,,,,,,,,,
E07000079,Cotswold,Females,-1.4,-0.7,5.5,4.5,9.3,15.2,22.9,13.9,5.7,-6.3,-2.5,,,,,,,,,,,,
E07000080,Forest of Dean,Females,8.7,11.4,-10.8,1.3,6.5,27.5,17.2,7.8,3.5,0.6,1.0,,,,,,,,,,,,
E07000081,Gloucester,Females,6.2,12.3,10.5,7.0,4.6,12.6,13.3,11.5,-3.4,-12.8,-10.4,,,,,,,,,,,,
E07000082,Stroud,Females,10.2,7.9,1.6,7.4,5.8,16.4,6.1,1.4,-10.4,-4.3,3.2,,,,,,,,,,,,
E07000083,Tewkesbury,Females,15.0,9.5,13.2,2.6,5.9,0.3,9.0,4.7,5.1,9.7,9.9,,,,,,,,,,,,
E07000084,Basingstoke and Deane,Females,11.0,9.7,3.6,3.6,-0.7,6.0,2.4,9.2,6.3,4.7,1.3,,,,,,,,,,,,
E07000085,East Hampshire,Females,8.3,6.1,7.4,9.8,13.2,17.3,13.8,5.9,1.2,2.7,4.5,,,,,,,,,,,,
E07000086,Eastleigh,Females,10.6,17.3,13.5,12.1,7.2,16.1,15.0,13.0,0.7,-3.6,-1.2,,,,,,,,,,,,
E07000087,Fareham,Females,12.6,10.7,8.4,5.9,-1.3,-4.6,-0.8,3.2,5.3,2.9,1.7,,,,,,,,,,,,
E07000088,Gosport,Females,5.1,4.3,2.9,-3.3,5.9,5.7,14.1,7.8,10.9,6.7,10.4,,,,,,,,,,,,
E07000089,Hart,Females,5.2,13.8,20.8,15.6,14.6,5.7,2.0,1.0,9.6,15.9,6.9,,,,,,,,,,,,
E07000090,Havant,Females,8.5,10.3,8.5,5.6,5.1,1.8,6.0,0.4,7.1,2.5,5.3,,,,,,,,,,,,
E07000091,New Forest,Females,11.6,7.2,8.8,5.2,11.9,7.9,7.1,-1.3,0.5,-0.2,7.0,,,,,,,,,,,,
E07000092,Rushmoor,Females,22.7,20.1,3.8,2.8,5.6,16.5,7.4,5.4,2.9,5.2,6.6,,,,,,,,,,,,
E07000093,Test Valley,Females,6.9,9.8,12.5,14.7,13.0,13.3,8.9,4.8,-2.6,-2.0,2.0,,,,,,,,,,,,
E07000094,Winchester,Females,4.3,12.7,5.7,1.9,10.2,21.6,29.5,13.0,2.3,-8.8,-5.0,,,,,,,,,,,,
E07000095,Broxbourne,Females,1.5,5.3,6.9,14.4,18.1,21.3,5.6,0.5,-2.2,9.1,12.5,,,,,,,,,,,,
E07000096,Dacorum,Females,8.8,11.5,13.7,10.0,3.9,14.3,15.3,14.4,4.5,0.9,5.4,,,,,,,,,,,,
E07000098,Hertsmere,Females,13.1,8.0,9.9,7.6,14.7,9.1,9.5,0.5,5.6,12.4,9.1,,,,,,,,,,,,
E07000099,North Hertfordshire,Females,17.7,15.1,1.8,-1.4,-9.1,4.7,5.9,15.0,6.1,4.0,0.5,,,,,,,,,,,,
E07000102,Three Rivers,Females,7.4,2.6,13.7,14.2,19.6,12.7,5.0,5.4,1.2,2.7,-4.8,,,,,,,,,,,,
E07000103,Watford,Females,8.2,3.1,7.1,10.1,5.4,11.9,6.0,14.7,1.6,9.1,1.0,,,,,,,,,,,,
E07000105,Ashford,Females,7.2,6.7,10.4,14.6,17.2,15.0,11.0,10.1,0.0,-2.6,-6.1,,,,,,,,,,,,
E07000106,Canterbury,Females,0.0,2.6,8.4,9.3,8.7,10.8,11.0,11.8,5.2,3.3,-3.2,,,,,,,,,,,,
E07000107,Dartford,Females,15.1,15.7,10.0,-2.7,-6.2,-0.3,6.9,7.6,10.5,7.8,5.8,,,,,,,,,,,,
E07000108,Dover,Females,13.0,2.8,1.1,7.6,9.0,9.1,-0.5,6.2,4.1,3.9,-4.4,,,,,,,,,,,,
E07000109,Gravesham,Females,6.0,8.6,7.3,7.8,9.5,10.3,13.2,7.6,3.7,-0.5,6.0,,,,,,,,,,,,
E07000110,Maidstone,Females,7.1,5.8,3.0,3.5,4.3,10.1,10.9,11.3,2.8,0.4,-0.2,,,,,,,,,,,,
E07000111,Sevenoaks,Females,9.5,5.3,1.2,-7.1,-0.7,9.8,13.4,13.0,6.2,4.8,6.3,,,,,,,,,,,,
E07000112,Shepway,Females,11.9,5.4,15.9,22.3,20.8,9.8,2.7,0.4,-1.1,-2.6,-2.9,,,,,,,,,,,,
E07000113,Swale,Females,13.9,5.3,3.8,1.4,5.9,11.9,18.0,20.2,12.9,2.9,-6.1,,,,,,,,,,,,
E07000114,Thanet,Females,3.9,8.3,16.4,12.2,10.8,6.2,9.2,9.3,6.2,1.5,-5.4,,,,,,,,,,,,
E07000115,Tonbridge and Malling,Females,4.7,10.8,17.1,13.9,2.7,0.7,1.6,12.2,15.6,8.3,1.1,,,,,,,,,,,,
E07000116,Tunbridge Wells,Females,9.9,18.0,13.9,9.1,9.3,14.0,21.6,18.8,5.9,-6.7,-10.5,,,,,,,,,,,,
E07000117,Burnley,Females,6.9,8.4,3.4,8.1,15.4,18.0,12.4,-1.4,-4.2,-5.1,4.5,,,,,,,,,,,,
E07000118,Chorley,Females,10.6,15.4,8.4,6.5,-0.3,6.2,5.0,10.0,7.0,6.5,1.1,,,,,,,,,,,,
E07000119,Fylde,Females,12.0,10.2,12.4,9.5,14.2,9.0,4.4,-7.3,-3.1,-2.1,6.7,,,,,,,,,,,,
E07000120,Hyndburn,Females,4.4,5.9,6.0,9.8,2.9,6.5,10.2,14.1,9.0,0.9,-2.5,,,,,,,,,,,,
E07000121,Lancaster,Females,11.2,11.1,-4.1,-3.6,-2.1,14.9,15.6,10.9,-0.1,-2.3,1.0,,,,,,,,,,,,
E07000122,Pendle,Females,8.6,4.5,15.7,4.4,7.3,-4.0,10.0,9.5,13.9,-1.2,-3.0,,,,,,,,,,,,
E07000123,Preston,Females,10.6,13.1,12.8,6.6,0.9,8.9,7.7,11.7,4.9,9.6,4.7,,,,,,,,,,,,
E07000124,Ribble Valley,Females,16.1,15.3,13.6,-3.0,3.7,-3.1,15.2,8.6,1.2,-7.6,-12.2,,,,,,,,,,,,
E07000125,Rossendale,Females,11.5,8.6,11.2,4.0,1.2,5.7,14.5,17.0,19.0,7.4,6.7,,,,,,,,,,,,
E07000126,South Ribble,Females,15.0,5.4,1.9,2.5,13.4,13.0,6.7,-0.5,5.1,10.6,12.7,,,,,,,,,,,,
E07000127,West Lancashire,Females,14.2,9.9,8.1,2.2,6.8,8.8,19.2,16.0,14.0,1.9,-1.2,,,,,,,,,,,,
E07000128,Wyre,Females,0.3,-1.0,6.3,7.9,10.1,-0.3,-2.8,-6.8,4.6,9.6,13.1,,,,,,,,,,,,
E07000129,Blaby,Females,4.1,0.0,2.9,6.8,11.0,14.8,7.4,8.0,2.0,1.4,0.2,,,,,,,,,,,,
E07000130,Charnwood,Females,5.1,12.2,14.9,14.5,2.5,9.8,3.8,5.4,-3.7,1.4,4.0,,,,,,,,,,,,
E07000131,Harborough,Females,3.1,5.2,17.4,19.0,19.3,10.2,8.4,5.5,-0.4,0.2,3.4,,,,,,,,,,,,
E07000132,Hinckley and Bosworth,Females,-0.8,6.1,16.8,24.8,21.9,18.2,8.1,4.7,3.1,0.5,1.1,,,,,,,,,,,,
E07000133,Melton,Females,5.8,-1.4,2.4,5.7,10.8,22.4,7.2,0.9,-9.3,2.8,12.2,,,,,,,,,,,,
E07000134,North West Leicestershire,Females,10.2,8.0,13.8,7.0,10.0,9.4,11.2,16.3,7.5,6.3,-6.2,,,,,,,,,,,,
E07000135,Oadby and Wigston,Females,2.8,11.1,11.3,11.3,5.2,10.1,15.1,21.4,12.3,1.6,-8.3,,,,,,,,,,,,
E07000136,Boston,Females,12.7,12.4,4.8,-0.2,3.1,6.6,15.1,13.4,9.4,1.9,-1.2,,,,,,,,,,,,
E07000137,East Lindsey,Females,10.2,12.1,1.2,0.4,-5.9,0.2,3.9,9.8,11.8,5.2,2.0,,,,,,,,,,,,
E07000138,Lincoln,Females,5.8,14.6,10.0,13.5,10.1,20.1,10.6,12.9,3.5,2.1,-3.7,,,,,,,,,,,,
E07000139,North Kesteven,Females,22.8,21.3,16.7,3.4,4.9,7.0,3.6,3.6,3.3,13.7,10.2,,,,,,,,,,,,
E07000140,South Holland,Females,9.6,8.8,-1.2,-3.6,9.7,22.9,20.8,8.9,-2.6,-2.9,-1.5,,,,,,,,,,,,
E07000141,South Kesteven,Females,5.8,-0.6,-6.4,1.7,11.7,20.6,16.9,10.6,3.3,0.4,0.1,,,,,,,,,,,,
E07000142,West Lindsey,Females,1.3,-5.6,2.6,12.9,18.8,22.3,13.6,7.0,8.4,9.6,17.4,,,,,,,,,,,,
E07000143,Breckland,Females,11.0,15.1,8.9,7.1,5.0,6.1,4.6,2.8,1.8,-3.8,1.9,,,,,,,,,,,,
E07000144,Broadland,Females,10.4,14.7,11.3,6.5,3.1,-0.5,8.7,10.2,13.7,4.5,2.8,,,,,,,,,,,,
E07000145,Great Yarmouth,Females,6.3,8.0,-1.1,2.8,-2.8,3.5,6.9,3.4,3.6,3.7,10.3,,,,,,,,,,,,
E07000146,King’s Lynn and West Norfolk,Females,5.8,4.4,2.8,7.9,15.4,19.6,11.1,1.3,-0.2,-1.5,1.9,,,,,,,,,,,,
E07000147,North Norfolk,Females,20.0,22.8,13.6,8.7,3.9,9.3,5.9,2.8,-3.5,-2.9,1.0,,,,,,,,,,,,
E07000148,Norwich,Females,3.7,9.2,3.0,3.1,1.8,10.4,10.8,7.5,-2.0,-6.9,-6.9,,,,,,,,,,,,
E07000149,South Norfolk,Females,6.1,10.4,3.9,0.6,-1.9,7.0,11.0,16.8,8.4,2.1,-2.1,,,,,,,,,,,,
E07000150,Corby,Females,7.2,10.6,6.1,11.9,3.1,1.0,-8.3,1.3,7.8,10.0,10.0,,,,,,,,,,,,
E07000151,Daventry,Females,8.1,10.4,4.4,7.6,14.4,19.4,10.5,-3.2,-12.2,-3.0,2.7,,,,,,,,,,,,
E07000152,East Northamptonshire,Females,-3.2,-3.8,5.9,5.5,10.8,10.3,17.4,25.9,18.7,11.3,-5.0,,,,,,,,,,,,
E07000153,Kettering,Females,3.5,4.0,12.5,7.7,8.0,5.5,9.7,12.8,16.2,7.3,1.9,,,,,,,,,,,,
E07000154,Northampton,Females,7.5,8.7,9.0,3.7,9.2,2.0,2.4,-4.6,6.3,11.2,11.2,,,,,,,,,,,,
E07000155,South Northamptonshire,Females,7.4,11.3,7.7,14.2,7.0,12.7,7.1,12.1,6.0,8.5,4.3,,,,,,,,,,,,
E07000156,Wellingborough,Females,13.7,12.2,7.3,5.2,9.7,5.0,10.3,-0.8,0.7,-6.9,-3.9,,,,,,,,,,,,
E07000163,Craven,Females,14.3,3.4,10.3,3.4,9.9,11.4,9.6,6.5,-0.7,4.6,0.9,,,,,,,,,,,,
E07000164,Hambleton,Females,15.2,14.2,5.3,2.4,8.1,16.1,21.9,10.3,5.3,-0.7,8.0,,,,,,,,,,,,
E07000165,Harrogate,Females,5.7,7.1,5.4,4.9,11.1,12.8,8.0,6.2,6.4,8.8,-0.8,,,,,,,,,,,,
E07000166,Richmondshire,Females,-12.4,-9.3,11.2,14.6,12.3,1.3,6.9,5.7,11.6,6.5,13.6,,,,,,,,,,,,
E07000167,Ryedale,Females,-6.9,1.0,8.7,8.2,17.5,10.4,2.2,-10.1,-1.6,12.3,28.1,,,,,,,,,,,,
E07000168,Scarborough,Females,5.5,8.4,8.1,10.5,5.8,2.7,0.6,5.6,12.4,10.0,7.0,,,,,,,,,,,,
E07000169,Selby,Females,18.9,10.1,4.7,0.2,10.8,13.2,7.9,3.4,-0.2,9.0,3.5,,,,,,,,,,,,
E07000170,Ashfield,Females,14.1,14.1,6.4,1.8,6.1,11.0,13.0,11.9,6.9,0.4,-5.3,,,,,,,,,,,,
E07000171,Bassetlaw,Females,2.0,12.6,14.3,11.7,2.3,7.6,9.7,14.6,5.2,-2.1,-7.3,,,,,,,,,,,,
E07000172,Broxtowe,Females,12.5,3.6,1.4,3.1,10.2,16.1,11.4,6.4,2.6,-3.2,-4.9,,,,,,,,,,,,
E07000173,Gedling,Females,12.4,10.3,6.3,-0.4,7.7,9.4,9.8,6.4,2.8,7.8,-0.7,,,,,,,,,,,,
E07000174,Mansfield,Females,13.4,7.0,8.4,-0.4,6.6,11.5,17.1,10.4,1.7,-4.5,-2.2,,,,,,,,,,,,
E07000175,Newark and Sherwood,Females,7.7,-0.4,0.4,7.9,17.1,14.3,9.9,7.0,4.7,4.1,-0.2,,,,,,,,,,,,
E07000176,Rushcliffe,Females,13.1,18.4,20.2,7.2,0.9,-0.2,7.8,9.6,12.6,10.5,6.7,,,,,,,,,,,,
E07000177,Cherwell,Females,9.3,12.8,10.9,10.7,3.7,3.0,2.7,1.6,-2.1,-1.0,0.6,,,,,,,,,,,,
E07000178,Oxford,Females,2.0,8.4,9.2,15.1,5.2,7.5,-0.8,10.9,7.8,16.3,9.0,,,,,,,,,,,,
E07000179,South Oxfordshire,Females,5.2,9.8,9.5,13.4,15.2,14.7,4.9,-2.3,1.0,7.2,15.1,,,,,,,,,,,,
E07000180,Vale of White Horse,Females,13.8,14.0,18.6,16.8,14.6,1.3,-4.1,-7.5,1.2,3.8,15.8,,,,,,,,,,,,
E07000181,West Oxfordshire,Females,8.9,16.6,15.9,13.4,2.0,1.9,-1.9,5.7,3.2,5.0,2.0,,,,,,,,,,,,
E07000187,Mendip,Females,7.8,9.0,12.9,12.1,9.6,8.6,8.7,11.1,8.0,0.6,-2.5,,,,,,,,,,,,
E07000188,Sedgemoor,Females,9.3,7.2,9.1,5.7,5.8,9.4,9.4,9.3,3.8,1.1,3.0,,,,,,,,,,,,
E07000189,South Somerset,Females,7.5,10.7,12.9,11.9,9.2,6.2,6.1,4.3,5.3,2.0,2.6,,,,,,,,,,,,
E07000190,Taunton Deane,Females,-0.8,3.2,0.7,-6.8,-2.1,6.8,17.9,13.1,4.6,-2.0,-0.3,,,,,,,,,,,,
E07000191,West Somerset,Females,15.6,17.2,15.1,-0.2,1.8,-2.4,3.9,6.9,22.8,16.6,-4.0,,,,,,,,,,,,
E07000192,Cannock Chase,Females,9.8,-0.1,1.2,0.3,15.4,25.2,23.5,17.1,6.0,-2.2,-4.7,,,,,,,,,,,,
E07000193,East Staffordshire,Females,4.3,0.4,5.6,16.1,25.1,20.9,8.0,-3.6,-1.5,-5.7,-4.2,,,,,,,,,,,,
E07000194,Lichfield,Females,14.0,19.4,14.3,10.3,1.2,10.7,11.8,20.3,13.7,4.2,-5.2,,,,,,,,,,,,
E07000195,Newcastle-under-Lyme,Females,4.7,1.9,5.6,-1.5,2.2,2.9,13.1,13.2,13.8,6.3,-1.5,,,,,,,,,,,,
E07000196,South Staffordshire,Females,8.5,7.7,9.2,7.8,9.3,13.4,10.8,8.6,3.6,11.2,9.7,,,,,,,,,,,,
E07000197,Stafford,Females,11.1,-0.7,1.6,3.2,15.4,14.7,13.1,4.4,3.1,-1.5,-2.0,,,,,,,,,,,,
E07000198,Staffordshire Moorlands,Females,5.0,8.7,10.5,9.2,8.7,11.6,15.5,8.4,2.9,-6.4,-4.4,,,,,,,,,,,,
E07000199,Tamworth,Females,5.1,3.5,7.6,15.5,22.9,21.6,11.8,-0.9,-3.3,-1.8,3.2,,,,,,,,,,,,
E07000200,Babergh,Females,10.0,11.3,14.5,4.4,2.3,0.6,10.1,15.5,8.9,0.1,-8.3,,,,,,,,,,,,
E07000201,Forest Heath,Females,29.9,29.8,24.0,-0.7,-0.7,1.6,17.1,9.4,1.3,-11.1,-4.7,,,,,,,,,,,,
E07000202,Ipswich,Females,8.7,11.6,10.7,6.4,-1.3,3.5,6.2,6.8,4.3,-0.1,1.2,,,,,,,,,,,,
E07000203,Mid Suffolk,Females,11.5,13.9,9.9,6.7,4.1,14.4,11.0,2.8,-2.9,-1.2,12.5,,,,,,,,,,,,
E07000204,St Edmundsbury,Females,12.6,13.2,20.3,13.2,10.5,5.9,1.8,2.8,0.0,7.3,6.5,,,,,,,,,,,,
E07000205,Suffolk Coastal,Females,7.5,10.1,14.7,9.4,3.6,-1.2,2.3,8.0,14.2,10.3,5.8,,,,,,,,,,,,
E07000206,Waveney,Females,10.5,8.9,9.2,3.6,11.3,14.7,10.3,0.2,-5.4,-3.3,0.9,,,,,,,,,,,,
E07000207,Elmbridge,Females,5.2,-1.5,-2.1,-1.0,6.7,11.9,11.4,14.3,14.1,13.5,9.0,,,,,,,,,,,,
E07000208,Epsom and Ewell,Females,2.5,0.6,-4.7,11.3,14.6,18.0,3.0,-0.1,0.3,3.6,0.0,,,,,,,,,,,,
E07000209,Guildford,Females,0.0,4.9,10.5,11.5,4.0,4.9,5.4,4.2,-1.0,-8.2,1.0,,,,,,,,,,,,
E07000210,Mole Valley,Females,4.6,10.8,12.6,5.2,0.1,4.9,13.5,12.4,4.3,-4.8,-0.2,,,,,,,,,,,,
E07000211,Reigate and Banstead,Females,2.5,10.8,16.8,17.9,10.6,9.1,9.3,14.1,7.8,-0.9,-9.9,,,,,,,,,,,,
E07000212,Runnymede,Females,1.1,4.9,8.1,10.4,11.8,18.1,12.0,1.7,-1.9,1.3,8.6,,,,,,,,,,,,
E07000213,Spelthorne,Females,2.9,6.3,14.5,14.9,16.1,10.0,-2.2,-1.4,-0.6,6.8,3.6,,,,,,,,,,,,
E07000214,Surrey Heath,Females,11.7,12.2,16.3,15.9,14.6,8.9,2.5,-3.2,-3.3,-0.9,4.9,,,,,,,,,,,,
E07000215,Tandridge,Females,21.3,8.1,4.3,-6.3,-1.3,6.7,13.3,8.2,1.3,-1.6,6.9,,,,,,,,,,,,
E07000216,Waverley,Females,7.2,12.1,19.1,24.0,11.1,4.3,1.2,5.6,4.0,-1.0,3.4,,,,,,,,,,,,
E07000217,Woking,Females,14.0,8.6,9.1,12.0,17.6,13.8,2.5,-4.9,-5.4,0.6,-6.9,,,,,,,,,,,,
E07000218,North Warwickshire,Females,0.8,11.8,7.2,13.5,9.9,11.3,3.3,0.2,5.6,0.5,2.0,,,,,,,,,,,,
E07000219,Nuneaton and Bedworth,Females,7.7,6.9,10.2,16.5,17.3,14.2,11.4,6.8,7.8,-3.6,0.9,,,,,,,,,,,,
E07000220,Rugby,Females,9.4,14.5,19.3,19.4,13.9,13.9,10.7,15.2,10.8,6.3,-4.0,,,,,,,,,,,,
E07000221,Stratford-on-Avon,Females,-0.7,-1.6,8.6,11.8,15.5,19.7,20.6,18.6,3.9,-0.9,-6.4,,,,,,,,,,,,
E07000222,Warwick,Females,15.3,6.0,4.5,3.5,10.7,11.6,12.1,3.6,2.1,-0.1,1.5,,,,,,,,,,,,
E07000223,Adur,Females,-12.2,-10.0,-0.1,11.4,19.7,23.1,11.0,8.4,1.3,3.2,3.0,,,,,,,,,,,,
E07000224,Arun,Females,3.8,2.4,1.4,10.3,11.5,13.4,5.8,8.0,2.9,4.4,-4.0,,,,,,,,,,,,
E07000225,Chichester,Females,7.1,0.0,2.5,6.4,19.9,15.2,12.0,1.2,7.1,2.6,8.1,,,,,,,,,,,,
E07000226,Crawley,Females,15.8,14.5,20.0,14.7,0.9,-2.1,-2.0,6.4,5.1,10.5,6.2,,,,,,,,,,,,
E07000227,Horsham,Females,6.6,4.1,-2.2,2.1,9.0,15.3,9.7,5.9,0.8,2.4,1.8,,,,,,,,,,,,
E07000228,Mid Sussex,Females,8.6,12.0,14.9,14.9,5.9,5.3,6.5,13.8,14.5,8.2,6.9,,,,,,,,,,,,
E07000229,Worthing,Females,2.0,-1.1,11.0,13.3,13.4,11.7,6.0,13.7,5.0,2.5,-7.1,,,,,,,,,,,,
E07000234,Bromsgrove,Females,3.4,7.5,5.3,9.7,11.7,14.3,15.6,6.3,4.5,1.3,8.0,,,,,,,,,,,,
E07000235,Malvern Hills,Females,14.5,13.9,20.6,14.1,8.7,-0.2,-0.2,0.5,-1.2,0.4,4.9,,,,,,,,,,,,
E07000236,Redditch,Females,-4.6,-8.5,10.6,23.1,24.2,14.5,6.3,4.5,5.3,7.5,6.9,,,,,,,,,,,,
E07000237,Worcester,Females,6.9,12.6,7.9,4.1,6.1,13.7,15.4,11.4,1.5,3.7,3.4,,,,,,,,,,,,
E07000238,Wychavon,Females,8.3,11.0,11.8,6.5,2.4,9.7,7.5,10.2,0.2,5.1,7.8,,,,,,,,,,,,
E07000239,Wyre Forest,Females,6.2,7.6,12.0,11.6,8.1,5.9,4.9,5.4,2.6,-2.6,-1.3,,,,,,,,,,,,
E07000240,St Albans,Females,2.6,14.7,10.1,9.6,5.7,11.0,18.9,14.3,8.6,-5.4,-2.4,,,,,,,,,,,,
E07000241,Welwyn Hatfield,Females,11.0,8.5,-4.9,1.4,5.6,15.6,7.9,5.1,3.5,7.9,7.6,,,,,,,,,,,,
E07000242,East Hertfordshire,Females,3.1,8.5,10.0,9.6,6.4,12.5,7.6,13.8,7.8,19.2,11.4,,,,,,,,,,,,
E07000243,Stevenage,Females,22.3,12.9,7.2,0.6,10.4,10.6,4.6,-1.4,-4.6,-1.7,0.7,,,,,,,,,,,,
E08000001,Bolton,Females,3.3,6.2,9.1,5.6,9.6,13.8,16.5,14.5,7.9,3.0,-2.7,,,,,,,,,,,,
E08000002,Bury,Females,4.2,6.1,6.7,9.6,6.8,3.2,-0.2,2.1,5.0,6.6,4.3,,,,,,,,,,,,
E08000003,Manchester,Females,7.8,9.7,4.9,4.1,1.1,7.1,8.6,13.9,7.9,3.9,-6.0,,,,,,,,,,,,
E08000004,Oldham ,Females,7.9,3.0,0.3,5.5,14.6,18.5,15.8,11.5,-0.3,-4.7,-8.5,,,,,,,,,,,,
E08000005,Rochdale,Females,3.6,6.8,10.6,12.2,11.0,14.7,6.2,6.2,-2.5,0.3,-4.6,,,,,,,,,,,,
E08000006,Salford,Females,8.3,7.3,6.7,9.7,9.8,15.8,11.2,7.3,4.9,5.2,7.0,,,,,,,,,,,,
E08000007,Stockport,Females,9.5,8.1,13.1,5.6,3.9,5.3,9.0,7.6,2.1,0.9,5.4,,,,,,,,,,,,
E08000008,Tameside,Females,8.3,1.5,-0.4,-2.1,7.0,11.5,12.9,3.2,2.7,0.4,6.9,,,,,,,,,,,,
E08000009,Trafford,Females,10.2,14.2,16.2,17.7,11.3,9.0,6.8,4.9,4.5,0.3,5.2,,,,,,,,,,,,
E08000010,Wigan,Females,12.0,4.3,4.3,7.2,13.0,12.2,6.3,3.4,6.7,5.6,3.8,,,,,,,,,,,,
E08000011,Knowsley ,Females,10.6,9.2,6.0,6.5,9.3,20.6,13.5,11.3,-2.3,-1.4,-4.4,,,,,,,,,,,,
E08000012,Liverpool,Females,8.5,10.1,10.1,11.7,7.7,12.2,8.5,11.0,5.3,3.5,-1.1,,,,,,,,,,,,
E08000013,St. Helens,Females,14.0,5.5,8.8,0.9,11.5,13.6,16.3,8.5,1.6,-3.9,-7.4,,,,,,,,,,,,
E08000014,Sefton,Females,12.7,13.8,13.0,6.9,6.9,14.2,12.5,5.8,-5.0,-4.3,-0.7,,,,,,,,,,,,
E08000015,Wirral,Females,9.0,8.5,8.1,2.0,-0.3,7.4,10.7,16.7,6.7,1.1,-7.5,,,,,,,,,,,,
E08000016,Barnsley,Females,-0.7,4.4,9.1,7.5,6.9,7.3,14.6,13.2,11.7,2.5,4.0,,,,,,,,,,,,
E08000017,Doncaster,Females,9.4,9.7,8.6,8.8,7.6,10.0,5.2,4.3,-1.0,1.2,-0.6,,,,,,,,,,,,
E08000018,Rotherham ,Females,12.0,13.1,9.4,2.7,6.0,10.5,10.4,3.2,-2.7,-3.4,2.2,,,,,,,,,,,,
E08000019,Sheffield,Females,8.9,8.4,8.8,2.5,6.2,8.7,11.8,8.4,5.5,2.7,3.5,,,,,,,,,,,,
E08000021,Newcastle upon Tyne,Females,6.1,5.8,1.2,4.3,2.6,12.2,10.2,15.2,8.4,2.8,-4.3,,,,,,,,,,,,
E08000022,North Tyneside,Females,7.8,11.0,2.3,5.0,3.5,12.0,10.2,14.3,12.1,5.9,1.1,,,,,,,,,,,,
E08000023,South Tyneside,Females,3.5,10.8,2.9,5.1,2.6,11.7,7.2,11.2,4.8,5.8,1.3,,,,,,,,,,,,
E08000024,Sunderland,Females,9.6,13.0,10.8,9.8,3.8,5.3,1.6,4.6,0.0,2.9,3.4,,,,,,,,,,,,
E08000025,Birmingham,Females,10.3,10.1,9.7,9.0,9.7,11.5,8.7,6.6,2.4,-0.2,-1.4,,,,,,,,,,,,
E08000026,Coventry,Females,5.8,4.3,3.2,5.9,6.9,12.0,12.1,13.6,5.8,3.8,0.8,,,,,,,,,,,,
E08000027,Dudley ,Females,10.8,11.4,11.0,9.1,9.3,10.9,10.1,9.3,5.6,0.7,-1.3,,,,,,,,,,,,
E08000028,Sandwell ,Females,9.1,8.6,6.8,10.4,9.4,16.1,7.3,7.4,-0.2,2.3,0.6,,,,,,,,,,,,
E08000029,Solihull,Females,12.3,16.0,7.4,5.7,1.7,12.4,9.6,11.2,1.2,-0.7,-3.1,,,,,,,,,,,,
E08000030,Walsall,Females,4.2,9.6,5.4,11.1,6.4,12.3,6.3,11.0,3.2,2.1,-7.1,,,,,,,,,,,,
E08000031,Wolverhampton,Females,1.2,4.5,6.8,10.6,4.9,11.0,6.9,13.8,3.0,-1.9,-6.9,,,,,,,,,,,,
E08000032,Bradford ,Females,8.8,4.0,6.6,5.7,10.9,10.2,12.0,6.2,4.1,-0.8,3.1,,,,,,,,,,,,
E08000033,Calderdale,Females,12.5,6.0,5.9,-3.1,0.3,4.6,12.5,8.5,4.8,0.5,3.8,,,,,,,,,,,,
E08000034,Kirklees ,Females,14.7,12.1,7.1,4.1,8.5,11.7,11.6,11.6,7.3,5.9,0.6,,,,,,,,,,,,
E08000035,Leeds ,Females,8.6,7.1,5.2,2.1,2.1,3.8,6.0,4.4,5.7,1.0,2.6,,,,,,,,,,,,
E08000036,Wakefield,Females,6.8,7.9,7.5,7.0,5.3,10.2,5.7,9.7,7.4,9.3,2.8,,,,,,,,,,,,
E08000037,Gateshead,Females,9.4,10.9,11.4,8.8,8.4,9.4,6.7,0.8,-1.7,1.0,1.4,,,,,,,,,,,,
E09000002,Barking and Dagenham,Females,5.3,11.8,11.2,10.1,6.6,13.2,13.5,17.1,7.3,0.1,-3.4,,,,,,,,,,,,
E09000003,Barnet,Females,13.4,9.8,10.5,7.1,5.9,3.1,6.1,11.3,11.7,7.3,3.4,,,,,,,,,,,,
E09000004,Bexley,Females,15.0,12.4,6.8,4.0,7.2,15.0,15.0,10.6,5.1,-0.2,1.2,,,,,,,,,,,,
E09000005,Brent ,Females,18.3,15.6,10.7,5.9,2.1,6.8,7.0,9.8,6.3,8.8,8.6,,,,,,,,,,,,
E09000006,Bromley,Females,15.0,13.0,9.9,3.3,6.8,9.6,9.9,9.7,5.7,8.3,1.9,,,,,,,,,,,,
E09000007,Camden,Females,10.4,13.6,12.3,20.3,20.7,19.9,16.0,16.0,20.0,15.5,15.9,,,,,,,,,,,,
E09000008,Croydon,Females,6.5,12.9,13.2,16.7,7.5,9.1,4.9,9.9,6.4,4.1,3.3,,,,,,,,,,,,
E09000009,Ealing,Females,10.2,17.1,14.5,11.0,3.2,9.7,11.5,13.0,4.8,1.6,2.0,,,,,,,,,,,,
E09000010,Enfield,Females,10.4,14.2,14.2,9.6,5.3,14.2,13.3,17.2,5.1,4.4,4.2,,,,,,,,,,,,
E09000011,Greenwich,Females,7.3,13.5,16.3,12.4,4.0,7.0,6.3,14.2,5.7,5.7,-3.5,,,,,,,,,,,,
E09000012,Hackney ,Females,11.9,9.0,0.2,2.0,2.6,11.8,13.0,15.6,9.6,4.0,-0.1,,,,,,,,,,,,
E09000013,Hammersmith and Fulham ,Females,18.1,18.4,16.6,5.2,-1.6,-0.8,-1.0,3.1,8.1,9.0,12.7,,,,,,,,,,,,
E09000014,Haringey,Females,26.4,29.6,25.4,18.2,10.1,6.4,0.7,9.7,12.3,11.7,3.7,,,,,,,,,,,,
E09000015,Harrow,Females,3.6,9.3,17.8,14.1,10.1,9.6,9.3,12.7,8.6,9.6,4.4,,,,,,,,,,,,
E09000016,Havering,Females,12.2,10.9,11.2,9.2,13.2,14.8,9.2,6.1,1.3,8.1,7.2,,,,,,,,,,,,
E09000017,Hillingdon,Females,9.0,14.6,16.8,12.3,9.3,5.2,2.2,3.4,4.9,4.5,3.1,,,,,,,,,,,,
E09000018,Hounslow,Females,11.7,16.4,17.2,17.5,12.8,11.0,8.7,8.1,11.2,13.2,12.8,,,,,,,,,,,,
E09000019,Islington,Females,7.9,17.9,15.9,14.4,8.1,13.7,18.5,18.7,12.3,2.0,2.3,,,,,,,,,,,,
E09000020,Kensington and Chelsea,Females,12.6,5.4,10.4,5.0,5.5,-0.8,-3.8,-0.8,3.4,11.6,7.2,,,,,,,,,,,,
E09000021,Kingston upon Thames,Females,18.0,16.6,10.6,7.7,10.4,13.0,13.3,6.4,3.4,-1.1,6.2,,,,,,,,,,,,
E09000022,Lambeth ,Females,4.9,8.1,14.2,10.2,5.8,11.9,20.7,25.6,11.6,3.4,-0.3,,,,,,,,,,,,
E09000023,Lewisham ,Females,17.0,15.6,15.2,12.1,7.9,11.9,10.6,14.1,13.3,9.1,6.8,,,,,,,,,,,,
E09000024,Merton,Females,11.5,6.0,6.6,3.7,12.7,11.4,12.2,3.7,3.9,2.1,3.0,,,,,,,,,,,,
E09000025,Newham ,Females,6.1,11.6,17.8,15.2,18.7,18.6,22.4,13.2,12.6,0.4,8.4,,,,,,,,,,,,
E09000026,Redbridge,Females,13.1,13.1,10.4,8.1,7.8,12.2,12.8,12.8,11.8,4.8,3.3,,,,,,,,,,,,
E09000027,Richmond upon Thames,Females,8.9,14.6,15.7,23.2,18.4,18.4,7.2,5.6,1.6,-1.1,4.2,,,,,,,,,,,,
E09000028,Southwark,Females,13.4,12.1,9.8,7.1,9.6,11.5,13.9,17.9,15.7,10.8,3.6,,,,,,,,,,,,
E09000029,Sutton,Females,22.9,15.4,8.5,3.6,9.8,15.4,11.3,6.5,-6.1,-2.9,-4.0,,,,,,,,,,,,
E09000030,Tower Hamlets,Females,15.7,13.9,5.5,6.4,8.7,16.7,13.6,16.3,7.2,7.8,-0.5,,,,,,,,,,,,
E09000031,Waltham Forest,Females,16.0,13.8,10.9,11.5,12.9,16.3,14.8,14.1,10.4,7.0,5.6,,,,,,,,,,,,
E09000032,Wandsworth,Females,11.0,9.8,6.3,8.6,12.6,19.7,15.6,9.8,7.3,5.8,7.3,,,,,,,,,,,,
E09000033,Westminster,Females,13.2,14.3,23.9,16.8,11.9,0.6,-2.6,6.3,13.6,16.8,8.4,,,,,,,,,,,,
N09000001,Antrim and Newtownabbey,Females,8.2,7.8,5.7,4.8,4.2,6.2,4.2,4.9,-1.7,0.6,-1.5,,,,,,,,,,,,
N09000002,"Armagh, Banbridge and Craigavon",Females,13.4,17.9,3.7,2.7,-4.0,6.6,7.0,9.2,0.2,-1.9,-2.4,,,,,,,,,,,,
N09000003,Belfast,Females,4.8,4.2,0.9,1.1,1.6,6.6,7.3,7.9,6.4,4.2,3.5,,,,,,,,,,,,
N09000004,Causeway Coast and Glens,Females,0.5,4.9,10.1,11.5,3.2,6.4,5.3,6.9,1.0,1.8,8.8,,,,,,,,,,,,
N09000005,Derry and Strabane,Females,8.2,5.4,1.5,-2.1,-0.1,3.6,15.1,17.7,13.8,9.4,-0.5,,,,,,,,,,,,
N09000006,Fermanagh and Omagh,Females,4.6,8.7,6.5,11.8,12.7,12.5,18.2,9.1,3.8,-10.4,-8.1,,,,,,,,,,,,
N09000007,Lisburn and Castlereagh,Females,5.6,11.0,13.8,10.4,4.5,2.0,4.4,13.0,12.4,8.3,0.3,,,,,,,,,,,,
N09000008,Mid and East Antrim,Females,15.0,10.5,2.3,-1.1,3.2,10.8,14.9,10.2,3.5,-2.1,-0.2,,,,,,,,,,,,
N09000009,Mid Ulster,Females,2.5,4.2,6.5,8.3,4.1,10.7,11.6,18.6,10.1,5.0,-8.5,,,,,,,,,,,,
N09000010,"Newry, Mourne and Down",Females,0.3,1.1,1.9,9.4,10.9,17.2,13.5,13.8,5.9,0.7,-1.6,,,,,,,,,,,,
N09000011,North Down and Ards,Females,7.2,13.0,4.1,0.0,-2.0,7.4,9.0,6.3,0.4,0.7,3.1,,,,,,,,,,,,
S12000005,Clackmannanshire,Females,2.2,1.9,19.4,24.6,13.8,2.8,-4.9,-8.2,-4.4,-3.7,8.9,,,,,,,,,,,,
S12000006,Dumfries and Galloway,Females,7.8,8.4,8.1,2.5,13.2,12.0,15.7,1.8,-0.2,-5.7,4.2,,,,,,,,,,,,
S12000008,East Ayrshire,Females,2.3,-6.9,4.5,5.3,18.3,17.3,19.1,3.9,-1.7,-8.9,1.9,,,,,,,,,,,,
S12000010,East Lothian,Females,6.5,9.8,13.3,5.3,1.9,-0.2,4.0,6.5,10.8,12.7,13.1,,,,,,,,,,,,
S12000011,East Renfrewshire,Females,9.7,21.1,8.9,-0.7,-2.2,12.8,11.5,8.4,-2.8,7.9,8.0,,,,,,,,,,,,
S12000013,Na h-Eileanan Siar,Females,3.9,3.7,21.2,24.3,21.5,-9.8,-22.3,-20.0,17.7,31.9,26.7,,,,,,,,,,,,
S12000014,Falkirk,Females,10.2,6.6,4.1,2.5,9.3,9.5,10.7,5.0,7.9,4.2,-0.2,,,,,,,,,,,,
S12000015,Fife,Females,6.3,7.4,5.5,1.4,2.8,10.1,12.8,10.5,6.1,5.0,0.8,,,,,,,,,,,,
S12000017,Highland,Females,13.6,9.4,6.2,7.2,10.9,8.2,7.8,8.2,14.5,10.2,8.7,,,,,,,,,,,,
S12000018,Inverclyde,Females,0.8,1.8,8.6,13.4,12.3,12.5,12.0,17.8,13.7,6.0,-6.8,,,,,,,,,,,,
S12000019,Midlothian,Females,12.8,7.4,12.7,18.4,19.3,10.8,0.1,4.4,1.7,3.2,-3.2,,,,,,,,,,,,
S12000020,Moray,Females,-1.3,2.4,5.1,13.4,13.9,14.8,6.1,0.9,-1.7,0.4,6.6,,,,,,,,,,,,
S12000021,North Ayrshire,Females,6.1,-0.7,1.1,2.6,6.3,14.7,17.7,16.9,9.1,1.6,-5.0,,,,,,,,,,,,
S12000023,Orkney Islands,Females,-0.3,13.3,2.7,10.8,1.9,0.8,-0.6,10.7,15.3,11.8,1.4,,,,,,,,,,,,
S12000024,Perth and Kinross,Females,12.8,10.3,8.7,5.8,12.3,13.9,13.0,6.4,4.3,-0.1,-0.5,,,,,,,,,,,,
S12000026,Scottish Borders ,Females,10.3,11.4,10.0,8.1,7.0,12.3,6.6,10.5,5.7,7.8,3.1,,,,,,,,,,,,
S12000027,Shetland Islands,Females,7.6,26.6,6.4,4.4,-22.4,-4.2,-3.7,23.6,16.3,6.3,-6.4,,,,,,,,,,,,
S12000028,South Ayrshire,Females,14.7,11.1,9.8,4.2,5.8,0.4,3.8,-1.8,0.9,-0.7,-1.1,,,,,,,,,,,,
S12000029,South Lanarkshire,Females,8.8,8.9,4.2,6.2,7.9,10.6,7.6,6.1,5.5,4.4,0.8,,,,,,,,,,,,
S12000030,Stirling,Females,14.7,11.7,11.8,13.0,10.3,11.1,2.3,4.7,-1.1,3.0,2.5,,,,,,,,,,,,
S12000033,Aberdeen City,Females,1.8,2.5,3.6,5.1,7.5,9.4,6.4,5.4,-0.8,-1.5,-4.8,,,,,,,,,,,,
S12000034,Aberdeenshire,Females,4.4,5.7,1.7,2.4,3.4,10.2,7.7,6.7,2.8,3.6,4.2,,,,,,,,,,,,
S12000035,Argyll and Bute,Females,9.8,-0.7,-10.4,-2.0,9.9,17.4,10.3,8.3,8.2,13.2,12.1,,,,,,,,,,,,
S12000036,City of Edinburgh,Females,7.8,5.1,6.4,4.2,7.5,6.4,8.6,6.3,6.9,5.2,4.4,,,,,,,,,,,,
S12000038,Renfrewshire,Females,5.4,7.7,7.0,9.5,9.3,17.2,12.7,11.2,4.2,2.7,-4.9,,,,,,,,,,,,
S12000039,West Dunbartonshire,Females,2.8,3.7,6.6,8.6,4.2,10.3,4.5,10.4,-3.2,0.1,-2.8,,,,,,,,,,,,
S12000040,West Lothian,Females,15.7,10.7,8.9,6.5,10.2,9.6,5.5,4.8,6.6,9.8,7.6,,,,,,,,,,,,
S12000041,Angus,Females,-1.3,13.5,15.3,11.5,-2.2,-1.1,1.0,11.4,11.9,12.0,4.2,,,,,,,,,,,,
S12000042,Dundee City,Females,15.5,9.4,13.4,0.4,-3.5,-5.7,1.0,9.1,13.9,11.3,0.7,,,,,,,,,,,,
S12000044,North Lanarkshire,Females,10.0,11.4,9.7,3.9,4.0,6.8,6.9,8.1,7.8,6.3,3.0,,,,,,,,,,,,
S12000045,East Dunbartonshire,Females,12.9,22.2,14.7,13.6,0.3,6.9,5.8,14.8,8.8,5.2,0.4,,,,,,,,,,,,
S12000046,Glasgow City,Females,5.4,7.0,5.8,6.2,10.8,13.6,13.3,7.6,5.4,4.5,5.2,,,,,,,,,,,,
W06000001,Isle of Anglesey / Ynys Môn,Females,18.1,11.3,15.1,-1.2,-3.2,-5.8,10.1,13.1,8.1,-3.4,-4.8,,,,,,,,,,,,
W06000002,Gwynedd / Gwynedd,Females,8.6,14.2,11.0,5.0,1.9,13.0,9.8,17.3,3.2,9.5,0.2,,,,,,,,,,,,
W06000003,Conwy / Conwy,Females,10.8,6.1,3.3,3.0,4.4,8.4,9.1,12.3,6.5,1.0,1.7,,,,,,,,,,,,
W06000004,Denbighshire / Sir Ddinbych,Females,10.3,6.5,11.8,-1.1,-4.9,-2.1,7.9,9.1,5.9,7.5,10.0,,,,,,,,,,,,
W06000005,Flintshire / Sir y Fflint,Females,11.0,5.1,10.9,8.4,6.9,8.1,6.3,4.9,1.8,1.3,3.4,,,,,,,,,,,,
W06000006,Wrexham / Wrecsam,Females,8.1,7.0,6.4,5.1,7.1,10.9,13.6,10.6,2.2,-3.6,-4.5,,,,,,,,,,,,
W06000008,Ceredigion / Ceredigion,Females,11.7,25.6,19.4,10.9,-4.0,-2.5,2.8,7.1,7.0,-0.3,2.5,,,,,,,,,,,,
W06000009,Pembrokeshire / Sir Benfro,Females,14.9,16.0,10.0,8.5,5.7,8.5,2.6,6.7,6.3,9.1,9.9,,,,,,,,,,,,
W06000010,Carmarthenshire / Sir Gaerfyrddin,Females,14.0,13.5,6.1,0.9,2.6,11.0,15.9,11.7,4.6,-2.6,-3.8,,,,,,,,,,,,
W06000011,Swansea / Abertawe,Females,9.9,5.0,2.7,6.6,12.8,14.2,7.2,0.3,2.2,4.2,2.6,,,,,,,,,,,,
W06000012,Neath Port Talbot / Castell-nedd Port Talbot,Females,5.4,5.3,-0.9,4.3,3.2,6.4,6.9,1.8,4.0,-0.4,1.0,,,,,,,,,,,,
W06000013,Bridgend / Pen-y-bont ar Ogwr,Females,7.6,5.1,1.7,10.6,13.9,12.7,-4.9,-3.1,6.1,14.2,9.4,,,,,,,,,,,,
W06000014,Vale of Glamorgan / Bro Morgannwg,Females,2.2,8.8,17.1,15.8,10.9,9.9,7.3,7.6,1.1,1.8,3.2,,,,,,,,,,,,
W06000015,Cardiff / Caerdydd,Females,11.8,11.2,10.5,4.5,3.9,6.9,9.8,13.3,8.0,2.5,-1.2,,,,,,,,,,,,
W06000016,Rhondda Cynon Taf / Rhondda Cynon Taf,Females,10.7,7.4,4.3,-1.8,5.0,11.5,13.7,6.9,2.6,-3.2,1.7,,,,,,,,,,,,
W06000018,Caerphilly / Caerffili,Females,5.5,10.3,17.5,12.9,11.5,9.8,6.3,3.5,-1.3,-3.3,-1.9,,,,,,,,,,,,
W06000019,Blaenau Gwent / Blaenau Gwent,Females,1.5,1.8,2.0,4.5,12.0,14.8,11.6,6.3,6.2,8.1,6.9,,,,,,,,,,,,
W06000020,Torfaen / Tor-faen,Females,13.8,4.4,-2.9,-4.9,7.1,18.2,16.1,3.7,-7.4,-1.0,7.6,,,,,,,,,,,,
W06000021,Monmouthshire / Sir Fynwy,Females,21.7,27.1,8.3,0.9,1.3,5.1,5.5,5.0,3.7,5.2,-1.4,,,,,,,,,,,,
W06000022,Newport / Casnewydd,Females,-0.7,-1.5,8.1,10.8,16.7,13.4,8.9,4.3,3.6,3.4,-3.6,,,,,,,,,,,,
W06000023,Powys / Powys,Females,9.8,13.0,15.5,15.6,12.1,8.9,4.3,5.3,3.7,1.6,6.6,,,,,,,,,,,,
W06000024,Merthyr Tydfil / Merthyr Tudful,Females,8.3,14.4,11.2,2.5,10.1,13.8,20.7,7.7,-1.6,-5.7,-2.7,,,,,,,,,,,,
Note:,,,,,,,,,,,,,,,,,,,,,,,,,
"   To report the gain in life expectancy at birth, temporally distinct adjacent periods are subtracted. The year 2001- 2006 reflects the gain between 2001 to 2003 and 2004 to 2006, and similarly years 2011-2016 between 2011 to 2013 and 2014 to 2016.",,,,,,,,,,,,,,,,,,,,,,,,,
A negative sign indicates that life expectancy at birth has fallen between temporally distinct periods.,,,,,,,,,,,,,,,,,,,,,,,,,
"Local areas are lower tier local authorities (LTLAs) in England, Unitary Authorities in Wales, Council Areas in Scotland and Local Government Districts in Northern Ireland.",,,,,,,,,,,,,,,,,,,,,,,,,
